,iteration,id,production,consumption,stored_kwh,wallet,trades_from,amount_from_city,amount_to_city,central_battery_tax
0,0,ap1,98.572,44.7935,0.01,0.0,,5.8296,0.0,0.0
1,0,ap2,17.316,44.1711,5.0,0.0,ap1:10.6055-ap3:10.051-ap4:10.2607,0.0,3.6473,0.0
2,0,ap3,81.236,43.9023,5.0,0.0,,4.5883,0.0,0.0
3,0,ap4,78.9475,43.9878,5.0,0.0,,4.331,0.0,0.0
4,0,cs1,17.316,52.6177,5.0,0.0,ap1:16.5113-ap3:12.4651-ap4:11.5181,0.0,4.7772,0.0
5,0,cs2,17.316,51.3299,5.0,0.0,ap1:16.0239-ap3:11.9776-ap4:11.0306,0.0,4.6047,0.0
6,0,cs3,17.316,52.5207,5.0,0.0,ap1:16.4747-ap3:12.4284-ap4:11.4814,0.0,4.7642,0.0
0,1,ap1,84.7107,37.1523,0.01,-0.0,,2.5514,0.0,0.0
1,1,ap2,17.316,37.8768,0.0,-0.0,ap1:4.6932-ap3:9.9135-ap4:9.5068,0.0,3.5522,0.0
2,1,ap3,72.3772,37.8178,0.0,-0.0,,1.8537,0.0,0.0
3,1,ap4,72.1555,39.1402,0.0,-0.0,,1.7709,0.0,0.0
4,1,cs1,17.316,42.9478,0.0,-0.0,ap1:13.9701-ap3:9.0292-ap4:8.6224,0.0,5.9895,0.0
5,1,cs2,17.316,44.6952,0.0,-0.0,ap1:18.2747-ap3:8.316-ap4:7.9092,0.0,7.1203,0.0
6,1,cs3,17.316,42.6206,0.0,-0.0,ap1:13.1787-ap3:9.1541-ap4:8.7474,0.0,5.7752,0.0
0,2,ap1,88.2338,39.0944,0.01,-0.0,,0.0,0.0,0.0
1,2,ap2,17.316,37.5486,0.0,-14.2952,ap3:11.0199-ap4:9.2128,0.0,0.0,0.0
2,2,ap3,70.7227,36.6814,0.0,-0.0,,0.0,0.0,0.0
3,2,ap4,69.7041,37.3906,0.0,-0.0,,0.0,0.0,0.0
4,2,cs1,17.316,42.6094,0.0,-15.5585,ap1:13.7924-ap3:6.1421-ap4:5.359,0.0,0.0,0.0
5,2,cs2,17.316,42.4325,0.0,-15.5721,ap1:12.4547-ap3:6.7225-ap4:5.9394,0.0,0.0,0.0
6,2,cs3,17.316,43.9896,0.0,-15.5596,ap1:22.8995-ap3:1.0761-ap4:2.6981,0.0,0.0,0.0
0,3,ap1,86.5607,38.1721,0.01,46.1479,,0.0,0.0,0.0
1,3,ap2,17.316,36.9554,0.0,-33.2936,ap3:10.2947-ap4:9.3449,0.0,0.0,0.0
2,3,ap3,70.6441,36.6274,0.0,23.4375,,0.0,0.0,0.0
3,3,ap4,69.1711,37.0102,0.0,21.7932,,0.0,0.0,0.0
4,3,cs1,17.316,43.0624,0.0,-39.3089,ap1:19.1875-ap3:3.2894-ap4:3.2696,0.0,0.0,0.0
5,3,cs2,17.316,42.5739,0.0,-39.1564,ap1:17.1432-ap3:4.2088-ap4:3.9061,0.0,0.0,0.0
6,3,cs3,17.316,41.4862,0.0,-40.606,ap1:12.0651-ap3:6.4918-ap4:5.6134,0.0,0.0,0.0
0,4,ap1,83.4832,36.4756,0.01,91.3103,,5.443,0.0,0.0
1,4,ap2,17.316,36.5836,0.0,-51.6217,ap1:0.6752-ap3:13.0942-ap4:12.4226,0.0,6.9241,0.0
2,4,ap3,73.4652,38.565,0.0,46.0998,,3.1659,0.0,0.0
3,4,ap4,70.1894,37.7369,0.0,42.4483,,2.927,0.0,0.0
4,4,cs1,17.316,42.6937,0.0,-63.3359,ap1:19.6062-ap3:7.5908-ap4:6.9192,0.0,8.7384,0.0
5,4,cs2,17.316,42.2762,0.0,-62.7277,ap1:18.2713-ap3:7.9976-ap4:7.326,0.0,8.6344,0.0
6,4,cs3,17.316,40.7817,0.0,-63.1622,ap1:13.9063-ap3:9.3832-ap4:8.7115,0.0,8.5351,0.0
0,5,ap1,84.8366,37.2216,0.01,0.0,,0.0,0.0,0.0
1,5,ap2,17.316,39.4378,0.0,-3.1544,ap1:9.1956-ap3:8.149-ap4:7.5431,0.0,2.7654,0.0
2,5,ap3,72.7938,38.1039,0.0,0.0,ap1:0.0-ap2:0.0-ap4:0.0-cs1:0.0-cs2:0.0-cs3:0.0,0.0,0.0001,0.0
3,5,ap4,69.5412,37.2743,0.0,0.0,ap1:0.0-ap2:0.0-ap3:0.0-cs1:0.0-cs2:0.0-cs3:0.0,0.0,0.0001,0.0
4,5,cs1,17.316,44.0548,0.0,-3.1548,ap1:13.2442-ap3:8.6842-ap4:8.0784,0.0,3.2676,0.0
5,5,cs2,17.316,43.6118,0.0,-3.1548,ap1:12.8387-ap3:8.6414-ap4:8.0356,0.0,3.2194,0.0
6,5,cs3,17.316,42.9027,0.0,-3.1546,ap1:12.3434-ap3:8.4959-ap4:7.8901,0.0,3.1422,0.0
0,6,ap1,84.9421,37.2798,0.01,45.4006,,8.0553,0.0,0.0
1,6,ap2,17.316,37.4188,0.0,0.0,ap1:10.178-ap3:9.0182-ap4:8.1885,0.0,7.2817,0.0
2,6,ap3,72.4604,37.8749,0.0,32.3865,,4.8642,0.0,0.0
3,6,ap4,68.2349,36.342,0.0,30.0762,,4.2377,0.0,0.0
4,6,cs1,17.316,42.9916,0.0,0.0,ap1:15.3084-ap3:10.1775-ap4:9.3477,0.0,9.1579,0.0
5,6,cs2,17.316,40.8397,0.0,0.0,ap1:13.4551-ap3:9.7881-ap4:8.9583,0.0,8.6777,0.0
6,6,cs3,17.316,44.7818,0.0,0.0,ap1:16.7834-ap3:10.4658-ap4:9.636,0.0,9.4193,0.0
0,7,ap1,84.2492,36.8979,0.01,20.4316,ap3:0.0-ap4:0.0,0.0,0.0003,0.0
1,7,ap2,17.316,38.2641,0.0,44.0189,ap1:7.9653-ap3:8.0193-ap4:7.6109,0.0,2.6485,0.0
2,7,ap3,72.3852,37.8233,0.0,22.7676,,0.0,0.0001,0.0
3,7,ap4,71.8519,38.9235,0.0,23.3541,,0.0,0.0001,0.0
4,7,cs1,17.316,44.2762,0.0,54.9909,ap1:13.4164-ap3:8.9029-ap4:8.4946,0.0,3.8548,0.0
5,7,cs2,17.316,44.4179,0.0,52.8657,ap1:13.4638-ap3:8.8591-ap4:8.4507,0.0,3.6728,0.0
6,7,cs3,17.316,43.2649,0.0,55.5654,ap1:12.5156-ap3:8.7817-ap4:8.3733,0.0,3.7229,0.0
0,8,ap1,88.1518,39.0492,0.01,65.5868,,0.0,0.002,0.0
1,8,ap2,17.316,38.5942,0.0,43.477,ap1:10.0057-ap3:8.2268-ap4:7.729,0.0001,0.0004,0.0
2,8,ap3,72.7351,38.0636,0.0,55.7198,,0.0,0.0021,0.0
3,8,ap4,71.7754,38.8689,0.0,54.7487,,0.0,0.0021,0.0
4,8,cs1,17.316,42.5884,0.0,57.5661,ap1:13.9369-ap3:8.1264-ap4:7.6285,0.0001,0.0004,0.0
5,8,cs2,17.316,40.5787,0.0,53.9708,ap1:12.0537-ap3:8.0781-ap4:7.5802,0.0001,0.0004,0.0
6,8,cs3,17.316,41.6592,0.0,58.1373,ap1:13.1113-ap3:8.0607-ap4:7.5628,0.0001,0.0004,0.0
0,9,ap1,85.7225,37.7101,0.01,111.0382,,0.0006,0.0,0.0
1,9,ap2,17.316,37.0468,0.0,19.4515,ap1:8.3417-ap3:7.6086-ap4:7.3044,0.0,3.5265,0.0
2,9,ap3,72.1565,37.6662,0.0,85.7956,,0.0005,0.0,0.0
3,9,ap4,69.7356,37.413,0.0,82.9815,,0.0006,0.0,0.0
4,9,cs1,17.316,41.7006,0.0,30.0886,ap1:12.7857-ap3:8.6608-ap4:8.3567,0.0,5.4214,0.0
5,9,cs2,17.316,42.6779,0.0,28.3254,ap1:13.4288-ap3:9.0925-ap4:8.3449,0.0,5.507,0.0
6,9,cs3,17.316,42.7166,0.0,31.5455,ap1:13.4668-ap3:9.1305-ap4:8.3186,0.0,5.518,0.0
0,10,ap1,84.8764,37.2436,0.01,155.8209,,0.0001,0.0002,0.0
1,10,ap2,17.316,37.8613,0.0,45.7614,ap1:12.5783-ap3:5.1746-ap4:4.3613,0.0,0.0001,0.0
2,10,ap3,71.5181,37.2277,0.0,117.9592,ap1:0.0-ap4:0.0,0.0003,0.0003,0.0
3,10,ap4,71.0635,38.3608,0.0,113.122,,0.0004,0.0004,0.0
4,10,cs1,17.316,41.4451,0.0,76.0815,ap1:11.7079-ap3:7.201-ap4:6.822,0.0,0.0001,0.0
5,10,cs2,17.316,40.86,0.0,74.4928,ap1:11.4063-ap3:7.049-ap4:6.6699,0.0,0.0001,0.0
6,10,cs3,17.316,41.9619,0.0,77.8159,ap1:11.9467-ap3:7.3225-ap4:6.9435,0.0,0.0001,0.0
0,11,ap1,83.9435,36.7293,0.01,199.9651,,0.0001,0.0001,0.0
1,11,ap2,17.316,37.7888,0.0,25.2691,ap1:7.1471-ap3:7.1991-ap4:6.3793,0.0,0.0002,0.0
2,11,ap3,74.8054,39.4855,0.0,142.7421,ap1:0.0-ap2:0.0-cs1:0.0-cs2:0.0-cs3:0.0,0.0001,0.0002,0.0
3,11,ap4,71.1338,38.411,0.0,136.0966,ap1:0.0-ap2:0.0-cs1:0.0-cs2:0.0-cs3:0.0,0.0,0.0003,0.0
4,11,cs1,17.316,44.3001,0.0,52.2376,ap1:13.8176-ap3:6.89-ap4:6.5225,0.0,0.0002,0.0
5,11,cs2,17.316,43.681,0.0,51.2103,ap1:13.2392-ap3:6.8713-ap4:6.5038,0.0,0.0002,0.0
6,11,cs3,17.316,43.364,0.0,53.5258,ap1:13.0148-ap3:6.8246-ap4:6.4571,0.0,0.0002,0.0
0,12,ap1,83.6586,36.5723,0.01,244.7518,,0.0,0.001,0.0
1,12,ap2,17.316,35.8871,0.0,5.6092,ap1:8.2074-ap3:8.2313-ap4:7.4874,0.0001,5.3504,0.0
2,12,ap3,73.5909,38.6514,0.0,169.0967,,0.0,0.0006,0.0
3,12,ap4,68.4828,36.5189,0.0,160.6303,,0.0,0.0002,0.0
4,12,cs1,17.316,41.5216,0.0,26.4077,ap1:12.4112-ap3:8.7814-ap4:8.0375,0.0001,5.0199,0.0
5,12,cs2,17.316,42.3514,0.0,25.9645,ap1:12.9477-ap3:8.9141-ap4:8.1702,0.0001,4.9918,0.0
6,12,cs3,17.316,43.0096,0.0,28.5815,ap1:13.5227-ap3:9.0079-ap4:8.264,0.0001,5.0964,0.0
0,13,ap1,84.1412,36.8383,0.01,288.5823,ap2:0.0-ap3:0.0-ap4:0.0-cs1:0.0-cs2:0.0-cs3:0.0,0.0,0.0009,0.0
1,13,ap2,17.316,38.2702,0.0,40.5636,ap1:8.6925-ap3:8.4351-ap4:7.4702-cs1:0.0-cs2:0.0-cs3:0.0,0.0001,3.6386,0.0
2,13,ap3,75.2738,39.8073,0.0,201.6117,ap1:0.0-ap2:0.0-ap4:0.0-cs1:0.0-cs2:0.0-cs3:0.0,0.0,0.0012,0.0
3,13,ap4,67.2364,35.6293,0.0,190.3725,ap1:0.0-ap2:0.0-ap3:0.0-cs1:0.0-cs2:0.0-cs3:0.0,0.0,0.0014,0.0
4,13,cs1,17.316,43.407,0.0,52.891,ap1:13.265-ap2:0.0-ap3:9.1158-ap4:8.151-cs2:0.0-cs3:0.0,0.0001,4.4359,0.0
5,13,cs2,17.316,41.2528,0.0,51.4019,ap1:11.3103-ap2:0.0-ap3:8.7155-ap4:7.7507-cs1:0.0-cs3:0.0,0.0001,3.8348,0.0
6,13,cs3,17.316,44.4475,0.0,54.4271,ap1:14.0398-ap2:0.0-ap3:9.1967-ap4:8.2318-cs1:0.0-cs2:0.0,0.0001,4.3319,0.0
0,14,ap1,83.6561,36.5709,0.01,333.2976,ap2:0.0-ap3:0.0-ap4:0.0-cs1:0.0-cs2:0.0-cs3:0.0,0.0004,0.0,0.0
1,14,ap2,17.316,38.437,0.0,49.6014,ap1:9.2666-ap3:7.1309-ap4:6.3519,0.0,0.0002,0.0
2,14,ap3,73.5894,38.6504,0.0,235.1368,ap2:0.0-ap4:0.0-cs1:0.0-cs2:0.0-cs3:0.0,0.0003,0.0,0.0
3,14,ap4,66.9872,35.4515,0.0,220.2516,,0.0003,0.0,0.0
4,14,cs1,17.316,43.8135,0.0,63.3948,ap1:13.5636-ap3:7.2332-ap4:7.0769,0.0,0.0002,0.0
5,14,cs2,17.316,41.9443,0.0,59.176,ap1:11.7664-ap3:7.2276-ap4:7.0198,0.0,0.0002,0.0
6,14,cs3,17.316,42.675,0.0,63.1232,ap1:12.4952-ap3:7.165-ap4:7.0087,0.0,0.0001,0.0
0,15,ap1,84.8145,37.2095,0.01,377.8206,,0.0,0.0,0.0
1,15,ap2,17.316,38.3825,0.0,28.0891,ap1:9.3414-ap3:6.8241-ap4:6.7537,0.0,0.0,0.0
2,15,ap3,71.8019,37.4227,0.0,262.3229,ap1:0.0-ap4:0.0,0.0002,0.0,0.0
3,15,ap4,70.6179,38.0428,0.0,246.2097,,0.0,0.0003,0.0
4,15,cs1,17.316,42.8406,0.0,37.0367,ap1:13.0834-ap3:7.1911-ap4:7.1207,0.0,0.0,0.0
5,15,cs2,17.316,42.1711,0.0,34.5768,ap1:12.5575-ap3:7.1157-ap4:7.0453,0.0,0.0,0.0
6,15,cs3,17.316,42.3635,0.0,37.9042,ap1:12.6304-ap3:7.1908-ap4:7.1203,0.0,0.0,0.0
0,16,ap1,83.8756,36.6919,0.01,422.5321,,5.6932,0.0002,0.0
1,16,ap2,17.316,39.0772,0.0,6.5656,ap1:12.0714-ap3:9.3269-ap4:8.5398,0.0001,8.1744,0.0
2,16,ap3,75.2274,39.7754,0.0,288.9079,,5.5926,0.0002,0.0
3,16,ap4,69.709,37.3941,0.0,272.5443,,5.5934,0.0002,0.0
4,16,cs1,17.316,42.8954,0.0,11.31,ap1:13.8306-ap3:10.7576-ap4:9.9745,0.0001,8.9808,0.0
5,16,cs2,17.316,43.9731,0.0,9.4855,ap1:14.7118-ap3:11.5078-ap4:10.7247,0.0001,10.2848,0.0
6,16,cs3,17.316,40.5403,0.0,12.6035,ap1:12.2681-ap3:9.4499-ap4:8.6668,0.0001,7.158,0.0
0,17,ap1,84.6962,37.1443,0.01,349.7679,ap2:0.0-ap3:0.0-ap4:0.0-cs1:0.0-cs2:0.0-cs3:0.0,0.0,0.0002,0.0
1,17,ap2,17.316,34.9294,0.0,11.5685,ap1:0.5246-ap3:9.1698-ap4:8.7668,0.0,0.8479,0.0
2,17,ap3,72.3869,37.8245,0.0,207.1741,,0.0,0.0001,0.0
3,17,ap4,66.73,35.2679,0.0,187.8429,,0.0,0.0001,0.0
4,17,cs1,17.316,44.2367,0.0,15.2348,ap1:18.9954-ap3:9.278-ap4:8.5891,0.0,9.9419,0.0
5,17,cs2,17.316,42.4899,0.0,16.4606,ap1:14.4241-ap3:7.2787-ap4:6.2744,0.0,2.8034,0.0
6,17,cs3,17.316,41.0802,0.0,13.0627,ap1:13.6183-ap3:8.8369-ap4:7.8327,0.0,6.5238,0.0
0,18,ap1,84.9946,37.3087,0.01,394.068,ap2:0.0002-ap3:0.0001-ap4:0.0001-cs1:0.0002-cs2:0.0002-cs3:0.0002,6.2995,0.0,0.0
1,18,ap2,17.316,37.4419,0.0,-4.5206,ap1:8.6397-ap3:8.3198-ap4:7.5658-cs1:0.0001-cs2:0.0001-cs3:0.0001,0.0,4.5031,0.0
2,18,ap3,73.154,38.3513,0.0,239.3667,ap1:0.0001-ap2:0.0002-ap4:0.0001-cs1:0.0002-cs2:0.0002-cs3:0.0002,2.8975,0.0,0.0
3,18,ap4,69.6116,37.3245,0.0,217.1478,ap1:0.0001-ap2:0.0002-ap3:0.0001-cs1:0.0002-cs2:0.0002-cs3:0.0002,2.3975,0.0,0.0
4,18,cs1,17.316,44.2414,0.0,-6.1105,ap1:15.7464-ap2:0.0001-ap3:9.8954-ap4:9.1414-cs2:0.0001-cs3:0.0001,0.0,7.9616,0.0
5,18,cs2,17.316,44.0742,0.0,-5.9365,ap1:15.4888-ap2:0.0001-ap3:9.7934-ap4:9.0395-cs1:0.0001-cs3:0.0001,0.0,7.6672,0.0
6,18,cs3,17.316,42.4344,0.0,-6.6253,ap1:14.2223-ap2:0.0001-ap3:9.7969-ap4:9.043-cs1:0.0001-cs2:0.0001,0.0,8.0476,0.0
0,19,ap1,87.9678,38.9478,0.01,130.4266,ap2:0.0,0.0,0.0011,0.0
1,19,ap2,17.316,39.1648,0.0,13.7245,ap1:10.1948-ap3:7.3482-ap4:7.1461,0.0004,2.8352,0.0
2,19,ap3,72.6589,38.0113,0.0,130.3353,ap1:0.0-ap2:0.0-ap4:0.0-cs1:0.0-cs2:0.0-cs3:0.0,0.0,0.0008,0.0
3,19,ap4,70.8484,38.2073,0.0,130.2544,ap1:0.0-ap2:0.0-ap3:0.0-cs1:0.0-cs2:0.0-cs3:0.0,0.0,0.0008,0.0
4,19,cs1,17.316,41.853,0.0,34.2665,ap1:12.5737-ap2:0.0-ap3:6.6162-ap4:6.4141,0.0001,0.0004,0.0
5,19,cs2,17.316,41.2127,0.0,32.1673,ap1:11.9095-ap2:0.0-ap3:6.6201-ap4:6.418,0.0001,0.0004,0.0
6,19,cs3,17.316,44.1343,0.0,36.1728,ap1:14.3469-ap2:0.0-ap3:7.3518-ap4:6.1875,0.0001,0.0004,0.0
0,20,ap1,87.829,38.8713,0.01,176.324,,0.0,0.0,0.0
1,20,ap2,17.316,38.1725,0.0,0.0008,ap1:9.1884-ap3:7.8485-ap4:7.4389,0.0,3.6231,0.0
2,20,ap3,68.3535,35.0542,0.0,156.4897,,0.0004,0.0,0.0
3,20,ap4,67.4246,35.7636,0.0,154.7513,,0.0004,0.0,0.0
4,20,cs1,17.316,42.8083,0.0,10.2956,ap1:13.2665-ap3:8.4801-ap4:8.0705,0.0,4.3289,0.0
5,20,cs2,17.316,42.7907,0.0,8.8107,ap1:13.2428-ap3:8.4932-ap4:8.0836,0.0,4.3488,0.0
6,20,cs3,17.316,42.8104,0.0,10.0654,ap1:13.2724-ap3:8.4811-ap4:8.0715,0.0,4.3347,0.0
0,21,ap1,86.0647,37.8987,0.01,222.5185,ap3:0.0-ap4:0.0-cs1:0.0-cs2:0.0-cs3:0.0,0.0,0.0001,0.0
1,21,ap2,17.316,37.8198,0.0,14.943,ap1:8.6553-ap3:6.4888-ap4:6.2194,0.0,0.8579,0.0
2,21,ap3,73.6271,38.6763,0.0,187.8972,,0.0,0.0006,0.0
3,21,ap4,71.9759,39.012,0.0,184.6135,,0.0,0.0004,0.0
4,21,cs1,17.316,43.4016,0.0,27.6066,ap1:13.4728-ap3:7.2481-ap4:7.0534,0.0,0.0,0.0
5,21,cs2,17.316,42.4163,0.0,26.3293,ap1:12.596-ap3:7.0549-ap4:6.8602,0.0,0.0,0.0
6,21,cs3,17.316,43.4205,0.0,27.4301,ap1:13.4483-ap3:7.2016-ap4:7.0069,0.0,0.0,0.0
0,22,ap1,85.5863,37.6349,0.01,267.7641,ap3:0.0-ap4:0.0,0.0,0.0001,0.0
1,22,ap2,17.316,37.1426,0.0,0.0,ap1:7.582-ap3:8.264-ap4:7.9188,0.0001,3.937,0.0
2,22,ap3,71.4646,37.191,0.0,214.1933,,0.0,0.0003,0.0
3,22,ap4,70.8937,38.2396,0.0,210.1064,,0.0,0.0003,0.0
4,22,cs1,17.316,42.757,0.0,1.5201,ap1:13.5214-ap3:8.5405-ap4:8.1096,0.0001,4.7293,0.0
5,22,cs2,17.316,42.1542,0.0,1.4292,ap1:12.9224-ap3:8.4605-ap4:8.0854,0.0001,4.6288,0.0
6,22,cs3,17.316,43.1191,0.0,1.4539,ap1:13.9316-ap3:8.5755-ap4:8.1123,0.0001,4.8152,0.0
0,23,ap1,89.7328,39.9208,0.01,312.6604,ap2:0.0-ap3:0.0-ap4:0.0-cs1:0.0-cs2:0.0-cs3:0.0,1.6192,0.0,0.0
1,23,ap2,17.316,38.1914,0.0,0.0,ap1:9.0655-ap3:8.1034-ap4:7.8052,0.0,4.1019,0.0
2,23,ap3,69.6498,35.9445,0.0,245.8753,,1.5814,0.0,0.0
3,23,ap4,70.401,37.888,0.0,240.2771,,1.5808,0.0,0.0
4,23,cs1,17.316,43.1496,0.0,0.0,ap1:13.4395-ap3:8.8871-ap4:8.5889,0.0,5.0851,0.0
5,23,cs2,17.316,44.201,0.0,0.0,ap1:14.255-ap3:9.1093-ap4:8.8111,0.0,5.2936,0.0
6,23,cs3,17.316,44.6918,0.0,0.0,ap1:14.6819-ap3:9.1899-ap4:8.8917,0.0,5.391,0.0
0,24,ap1,85.826,37.7671,0.01,304.6753,,0.0003,0.0,0.0
1,24,ap2,17.316,37.1382,0.0,19.4682,ap1:5.5121-ap3:7.6335-ap4:7.053-cs1:0.0-cs3:0.0,0.0,0.0001,0.0
2,24,ap3,71.9135,37.4993,0.0,223.8806,ap1:0.0-ap2:0.0-ap4:0.0-cs1:0.0-cs2:0.0-cs3:0.0,0.0006,0.0,0.0
3,24,ap4,69.1937,37.0263,0.0,217.17,ap1:0.0-ap2:0.0-ap3:0.0-cs1:0.0-cs2:0.0-cs3:0.0,0.0,0.0,0.0
4,24,cs1,17.316,43.717,0.0,24.1772,ap1:13.8574-ap3:7.173-ap4:7.2207,0.0001,1.8491,0.0
5,24,cs2,17.316,43.0606,0.0,25.1758,ap1:12.5564-ap3:6.8107-ap4:6.7519-cs1:0.0-cs3:0.0,0.0,0.0001,0.0
6,24,cs3,17.316,45.5722,0.0,25.6419,ap1:16.139-ap3:7.6543-ap4:6.9011-cs1:0.0,0.0001,2.4374,0.0
0,25,ap1,82.3149,35.8316,0.01,350.3946,ap2:0.0-cs1:0.0-cs2:0.0-cs3:0.0,3.1507,0.0244,0.0
1,25,ap2,17.316,37.6049,0.0,0.2528,ap1:8.4443-ap3:8.863-ap4:8.373-cs1:0.0-cs2:0.0-cs3:0.0,0.0135,5.0779,0.0
2,25,ap3,72.2042,37.699,0.0,251.7141,ap1:0.0-ap2:0.0-ap4:0.0-cs1:0.0-cs2:0.0-cs3:0.0,3.0824,0.0245,0.0
3,25,ap4,68.8585,36.7871,0.0,243.7371,ap1:0.0-ap2:0.0-ap3:0.0-cs1:0.0-cs2:0.0-cs3:0.0,3.0723,0.0245,0.0
4,25,cs1,17.316,43.6121,0.0,0.0004,ap1:14.6627-ap2:0.0-ap3:9.5998-ap4:8.9486-cs2:0.0-cs3:0.0,0.0135,6.6015,0.0
5,25,cs2,17.316,41.0026,0.0,0.328,ap1:11.9858-ap2:0.0-ap3:9.2745-ap4:8.6232-cs1:0.0-cs3:0.0,0.0135,5.8835,0.0
6,25,cs3,17.316,43.2184,0.0,0.0004,ap1:14.2597-ap2:0.0-ap3:9.5567-ap4:8.9054-cs1:0.0-cs2:0.0,0.0135,6.5059,0.0
0,26,ap1,86.9166,38.3683,0.2571,279.1733,ap2:0.0-ap3:0.0-ap4:0.0-cs1:0.0-cs2:0.0-cs3:0.0,0.1339,0.0004,0.0026
1,26,ap2,17.316,39.6477,0.0,0.0407,ap1:9.3968-ap3:8.3199-ap4:7.8512,0.0001,3.2295,0.0
2,26,ap3,73.1735,38.3647,0.0,171.6853,ap1:0.0-ap2:0.0-cs1:0.0-cs2:0.0-cs3:0.0,0.1375,0.0003,0.0
3,26,ap4,71.876,38.9407,0.0,161.7826,ap1:0.0-ap2:0.0-ap3:0.0-cs1:0.0-cs2:0.0-cs3:0.0,0.1365,0.0003,0.0
4,26,cs1,17.316,44.4094,0.0,0.0407,ap1:13.5931-ap3:8.9473-ap4:8.4787,0.0001,3.9191,0.0
5,26,cs2,17.316,43.1133,0.0,0.0407,ap1:12.4613-ap3:8.7713-ap4:8.3027,0.0001,3.7314,0.0
6,26,cs3,17.316,44.0568,0.0,0.0407,ap1:13.2814-ap3:8.9013-ap4:8.4327,0.0001,3.868,0.0
0,27,ap1,85.9257,37.822,0.2038,322.9044,ap2:0.0-ap3:0.0-ap4:0.0-cs1:0.0-cs2:0.0-cs3:0.0,4.2641,0.0,0.002
1,27,ap2,17.316,39.2282,0.0,0.0005,ap1:7.2762-ap3:9.5429-ap4:9.4097-cs1:0.0-cs2:0.0-cs3:0.0,0.0001,4.3157,0.0
2,27,ap3,73.0506,38.2803,0.0,202.2078,ap1:0.0001-ap2:0.0001-ap4:0.0-cs1:0.0001-cs2:0.0001-cs3:0.0001,3.0283,0.0,0.0
3,27,ap4,69.6973,37.3857,0.0,190.5406,ap1:0.0001-ap2:0.0001-ap3:0.0-cs1:0.0001-cs2:0.0001-cs3:0.0001,3.0435,0.0,0.0
4,27,cs1,17.316,42.5829,0.0,0.0005,ap1:14.9692-ap2:0.0-ap3:9.3407-ap4:8.6189-cs2:0.0-cs3:0.0,0.0001,7.6612,0.0
5,27,cs2,17.316,42.9831,0.0,0.0005,ap1:15.3496-ap2:0.0-ap3:9.721-ap4:8.6815-cs1:0.0-cs3:0.0,0.0001,8.0841,0.0
6,27,cs3,17.316,42.4524,0.0,0.0005,ap1:14.8228-ap2:0.0-ap3:9.1943-ap4:8.6452-cs1:0.0-cs2:0.0,0.0001,7.5251,0.0
0,28,ap1,88.124,39.0339,0.1515,216.6694,ap2:0.0-ap3:0.0-ap4:0.0-cs1:0.0-cs2:0.0-cs3:0.0,3.7576,0.0,0.0015
1,28,ap2,17.316,37.6382,0.0,-16.649,ap1:6.481-ap3:9.7789-ap4:10.1645,0.0,6.1021,0.0
2,28,ap3,71.0858,36.9308,0.0,127.3002,,1.226,0.0,0.0
3,28,ap4,67.4735,35.7985,0.0,112.7767,,1.3005,0.0,0.0
4,28,cs1,17.316,43.1263,0.0,-16.7091,ap1:15.8028-ap3:8.869-ap4:7.5287,0.0,6.39,0.0
5,28,cs2,17.316,41.5401,0.0,-16.6942,ap1:14.8174-ap3:7.8836-ap4:8.0517,0.0,6.5285,0.0
6,28,cs3,17.316,42.7222,0.0,-16.7123,ap1:15.7833-ap3:8.8495-ap4:7.2305,0.0,6.457,0.0
0,29,ap1,84.2433,36.8946,0.1133,108.7461,ap2:0.0003-ap3:0.0003-ap4:0.0003-cs1:0.0003-cs2:0.0003-cs3:0.0003,8.7834,0.0,0.0011
1,29,ap2,17.316,37.721,0.0,-27.9855,ap1:7.3913-ap3:12.0294-ap4:10.481-cs1:0.0-cs2:0.0-cs3:0.0,0.0,9.496,0.0
2,29,ap3,72.9928,38.2406,0.0,109.0415,,8.1248,0.0,0.0
3,29,ap4,70.3159,37.8272,0.0,89.1483,,6.8606,0.0,0.0
4,29,cs1,17.316,43.4879,0.0,-32.8165,ap1:19.5404-ap2:0.0-ap3:9.1821-ap4:9.6392-cs2:0.0-cs3:0.0,0.0,12.1891,0.0
5,29,cs2,17.316,42.3575,0.0,-31.1442,ap1:17.2753-ap2:0.0-ap3:10.0622-ap4:9.1741-cs1:0.0-cs3:0.0,0.0,11.4695,0.0
6,29,cs3,17.316,39.7747,0.0,-32.3576,ap1:11.9597-ap2:0.0-ap3:11.6017-ap4:10.0533-cs1:0.0-cs2:0.0,0.0,11.1553,0.0
0,30,ap1,85.7325,37.7155,0.0776,0.0003,,4.6787,0.0,0.0008
1,30,ap2,17.316,38.1217,0.0,-10.9932,ap1:10.345-ap3:8.9893-ap4:8.6516,0.0,7.1814,0.0
2,30,ap3,73.3636,38.4953,0.0,-0.0004,,3.3961,0.0,0.0
3,30,ap4,73.9312,40.4075,0.0,-0.0004,,3.2651,0.0,0.0
4,30,cs1,17.316,42.024,0.0,-10.9861,ap1:13.5304-ap3:9.5216-ap4:9.1839,0.0,7.5291,0.0
5,30,cs2,17.316,43.9433,0.0,-10.9889,ap1:14.6289-ap3:10.086-ap4:9.6742,0.0,7.7629,0.0
6,30,cs3,17.316,42.8508,0.0,-10.9885,ap1:14.2115-ap3:9.6686-ap4:9.2803,0.0,7.6267,0.0
0,31,ap1,84.8446,37.2261,0.0566,-0.0001,ap2:0.0-ap3:0.0-ap4:0.0-cs1:0.0-cs2:0.0-cs3:0.0,0.0,0.0003,0.0006
1,31,ap2,17.316,39.4982,0.0,37.6144,ap1:9.4902-ap3:7.3975-ap4:6.5443,0.0,0.7988,0.0
2,31,ap3,73.4714,38.5693,0.0,-0.0001,,0.0,0.0002,0.0
3,31,ap4,70.1991,37.7439,0.0,-0.0001,,0.0,0.0002,0.0
4,31,cs1,17.316,42.0268,0.0,37.2595,ap1:11.9742-ap3:7.8204-ap4:7.0971,0.0,1.7458,0.0
5,31,cs2,17.316,42.8433,0.0,37.6743,ap1:12.6915-ap3:7.8134-ap4:7.4107,0.0,1.954,0.0
6,31,cs3,17.316,43.6684,0.0,37.4075,ap1:13.4816-ap3:7.9378-ap4:7.6616,0.0,2.2909,0.0
0,32,ap1,86.3208,38.0398,0.0368,45.0471,cs1:0.0-cs2:0.0-cs3:0.0,0.0,0.0001,0.0004
1,32,ap2,17.316,37.6324,0.0,20.5458,ap1:7.7653-ap3:6.3068-ap4:6.4971-cs1:0.0-cs2:0.0-cs3:0.0,0.0,0.0,0.0
2,32,ap3,70.9754,36.855,0.0,29.285,ap1:0.0-ap2:0.0-ap4:0.0-cs1:0.0-cs2:0.0-cs3:0.0,0.0,0.0001,0.0
3,32,ap4,71.1585,38.4286,0.0,27.1525,ap1:0.0-ap2:0.0-ap3:0.0-cs1:0.0-cs2:0.0-cs3:0.0,0.0,0.0001,0.0
4,32,cs1,17.316,44.0288,0.0,22.9519,ap1:14.0352-ap3:7.902-ap4:7.3234-cs2:0.0-cs3:0.0,0.0001,2.5473,0.0
5,32,cs2,17.316,42.7453,0.0,23.7246,ap1:12.8523-ap3:6.7191-ap4:6.2526-cs1:0.0-cs3:0.0,0.0001,0.3944,0.0
6,32,cs3,17.316,44.2716,0.0,24.5016,ap1:13.6398-ap3:7.5066-ap4:6.9281-cs1:0.0-cs2:0.0,0.0001,1.1185,0.0
0,33,ap1,85.5947,37.6396,0.0247,90.7904,ap2:0.0001-ap3:0.0001-ap4:0.0001-cs1:0.0001-cs2:0.0001-cs3:0.0001,3.3171,0.0,0.0002
1,33,ap2,17.316,37.394,0.0,1.0626,ap1:8.9322-ap3:6.6299-ap4:6.4735-cs1:0.0001-cs2:0.0001-cs3:0.0001,0.0,1.993,0.0
2,33,ap3,71.7616,37.3949,0.0,56.2184,ap1:0.0001-ap2:0.0001-ap4:0.0001-cs1:0.0001-cs2:0.0001-cs3:0.0001,1.4616,0.0,0.0
3,33,ap4,71.8822,38.9451,0.0,52.7283,ap1:0.0001-ap2:0.0001-ap3:0.0001-cs1:0.0001-cs2:0.0001-cs3:0.0001,1.3293,0.0,0.0
4,33,cs1,17.316,42.79,0.0,0.0001,ap1:13.7549-ap2:0.0001-ap3:7.2607-ap4:7.1043-cs2:0.0001-cs3:0.0001,0.0,2.6814,0.0
5,33,cs2,17.316,42.7905,0.0,0.0001,ap1:13.7515-ap2:0.0001-ap3:7.2627-ap4:7.1063-cs1:0.0001-cs3:0.0001,0.0,2.6814,0.0
6,33,cs3,17.316,44.0677,0.0,0.0001,ap1:14.8787-ap2:0.0001-ap3:7.4051-ap4:7.2487-cs1:0.0001-cs2:0.0001,0.0,2.8162,0.0
0,34,ap1,86.3964,38.0815,0.0,36.6733,,7.6088,0.0,0.0
1,34,ap2,17.316,38.3726,0.0,-0.0225,ap1:11.037-ap3:4.6454-ap4:5.3739,0.0,0.0,0.0
2,34,ap3,75.1439,39.718,0.0,37.9716,,5.0589,0.0,0.0
3,34,ap4,69.2885,37.094,0.0,37.9765,,4.7863,0.0,0.0
4,34,cs1,17.316,42.5736,0.0,-0.0225,ap1:14.7547-ap3:5.9405-ap4:4.5622,0.0,0.0,0.0
5,34,cs2,17.316,42.7831,0.0,-0.0225,ap1:14.7956-ap3:6.0248-ap4:4.6465,0.0,0.0,0.0
6,34,cs3,17.316,43.5126,0.0,-0.0225,ap1:15.3364-ap3:6.1191-ap4:4.7408,0.0,0.0,0.0
0,35,ap1,84.9689,37.2946,0.0,0.0,ap2:0.0-ap3:0.0-ap4:0.0-cs1:0.0-cs2:0.0-cs3:0.0,1.7626,0.0,0.0
1,35,ap2,17.316,37.4575,0.0,-19.8188,ap3:12.8516-ap4:12.4551-cs1:0.0-cs2:0.0-cs3:0.0,0.0,5.1713,0.0
2,35,ap3,72.1362,37.6523,0.0,0.0,ap1:0.0-ap2:0.0-ap4:0.0-cs1:0.0-cs2:0.0-cs3:0.0,1.275,0.0,0.0
3,35,ap4,71.9424,38.9881,0.0,0.0,ap1:0.0-ap2:0.0-ap3:0.0-cs1:0.0-cs2:0.0-cs3:0.0,1.2184,0.0,0.0
4,35,cs1,17.316,43.2177,0.0,-23.7685,ap1:21.8161-ap2:0.0-ap3:5.4217-ap4:5.0252-cs2:0.0-cs3:0.0,0.0,6.3674,0.0
5,35,cs2,17.316,41.5542,0.0,-23.9655,ap1:11.1777-ap2:0.0-ap3:9.8235-ap4:9.427-cs1:0.0-cs3:0.0,0.0,6.1961,0.0
6,35,cs3,17.316,42.3324,0.0,-24.6513,ap1:16.4492-ap2:0.0-ap3:7.6682-ap4:7.2716-cs1:0.0-cs2:0.0,0.0,6.3788,0.0
0,36,ap1,86.848,38.3305,0.0,0.0005,ap2:0.0-ap3:0.0-ap4:0.0-cs1:0.0-cs2:0.0-cs3:0.0,2.3146,0.0001,0.0
1,36,ap2,17.316,36.6563,0.0,0.9165,ap1:8.0761-ap3:8.2554-ap4:7.767,0.0001,4.7556,0.0
2,36,ap3,71.0613,36.914,0.0,0.0005,ap2:0.0-ap4:0.0-cs1:0.0-cs2:0.0-cs3:0.0,1.629,0.0001,0.0
3,36,ap4,71.4948,38.6686,0.0,0.0005,ap2:0.0-cs1:0.0-cs2:0.0-cs3:0.0,1.566,0.0001,0.0
4,36,cs1,17.316,44.132,0.0,0.7326,ap1:14.6553-ap3:9.2377-ap4:8.9391,0.0001,6.0134,0.0
5,36,cs2,17.316,42.3931,0.0,0.7794,ap1:13.1944-ap3:8.9461-ap4:8.6475,0.0001,5.7082,0.0
6,36,cs3,17.316,44.2358,0.0,0.7634,ap1:14.9036-ap3:9.3345-ap4:9.036,0.0001,6.3517,0.0
0,37,ap1,84.0595,36.7933,0.0024,-0.0,,1.677,0.0,0.0
1,37,ap2,17.316,36.9796,0.0,15.2576,ap1:0.0115-ap3:9.1175-ap4:11.2357,0.0,0.7011,0.0
2,37,ap3,72.2943,37.7608,0.0,0.0,,0.7044,0.0,0.0
3,37,ap4,68.3471,36.4221,0.0,-0.0,,0.9947,0.0,0.0
4,37,cs1,17.316,40.5583,0.0,16.6443,ap1:9.5127-ap3:6.3784-ap4:8.4966,0.0,1.1454,0.0
5,37,cs2,17.316,42.596,0.0,16.2395,ap1:18.7575-ap3:3.0373-ap4:5.1555,0.0,1.6704,0.0
6,37,cs3,17.316,42.9961,0.0,18.8935,ap1:20.6633-ap3:2.0247-ap4:4.1429,0.0,1.1508,0.0
0,38,ap1,86.8039,38.3062,0.0006,0.0,ap3:0.0-ap4:0.0,1.0629,0.0,0.0
1,38,ap2,17.316,36.5491,0.0,-0.0,ap1:7.2723-ap3:7.4292-ap4:8.0853,0.0,3.554,0.0
2,38,ap3,72.774,38.0903,0.0,0.0,,0.7601,0.0,0.0
3,38,ap4,70.9216,38.2595,0.0,0.0,,0.7158,0.0,0.0
4,38,cs1,17.316,42.4516,0.0,-0.0,ap1:14.3816-ap3:9.6235-ap4:8.7162,0.0,7.586,0.0
5,38,cs2,17.316,42.2759,0.0,-0.0,ap1:14.2696-ap3:9.5115-ap4:8.6042,0.0,7.4257,0.0
6,38,cs3,17.316,41.2855,0.0,-0.0,ap1:13.6379-ap3:8.8798-ap4:7.9725,0.0,6.521,0.0
0,39,ap1,86.4307,38.1005,0.0,0.0004,,4.4165,0.0,0.0
1,39,ap2,17.316,37.009,0.0,-14.1932,ap1:11.4758-ap3:5.618-ap4:5.2744,0.0,2.6748,0.0
2,39,ap3,70.0945,36.2499,0.0,0.0004,ap1:0.0-ap2:0.0-ap4:0.0-cs1:0.0-cs2:0.0-cs3:0.0,2.3411,0.0,0.0
3,39,ap4,70.6692,38.0794,0.0,0.0004,ap1:0.0-ap2:0.0-ap3:0.0-cs1:0.0-cs2:0.0-cs3:0.0,2.2261,0.0,0.0
4,39,cs1,17.316,44.6352,0.0,-15.5748,ap1:16.3517-ap3:7.3929-ap4:7.0493,0.0,3.4744,0.0
5,39,cs2,17.316,41.0866,0.0,-15.5745,ap1:12.1305-ap3:6.9873-ap4:6.6437,0.0,1.9905,0.0
6,39,cs3,17.316,43.0347,0.0,-15.5732,ap1:12.7881-ap3:7.962-ap4:7.6184,0.0,2.6494,0.0
0,40,ap1,84.0543,36.7904,0.0005,-0.0001,,0.0,0.0002,0.0
1,40,ap2,17.316,38.5948,0.0,-25.5486,ap1:5.3226-ap3:8.6087-ap4:7.3488,0.0,0.0002,0.0
2,40,ap3,72.7214,38.0542,0.0,0.0,ap1:0.0-ap2:0.0-ap4:0.0-cs1:0.0-cs2:0.0-cs3:0.0,0.0,0.0002,0.0
3,40,ap4,69.6812,37.3742,0.0,0.0,ap1:0.0-ap2:0.0-ap3:0.0-cs1:0.0-cs2:0.0-cs3:0.0,0.0,0.0002,0.0
4,40,cs1,17.316,43.07,0.0,-31.9568,ap1:14.0249-ap3:6.3461-ap4:5.3841,0.0,0.0002,0.0
5,40,cs2,17.316,42.234,0.0,-32.579,ap1:12.3284-ap3:6.9254-ap4:5.6654,0.0,0.0002,0.0
6,40,cs3,17.316,44.1609,0.0,-32.6507,ap1:15.5869-ap3:5.7458-ap4:5.5134,0.0,0.0002,0.0
0,41,ap1,88.9,39.4617,0.0012,44.795,,8.7909,0.0,0.0
1,41,ap2,17.316,37.7602,0.0,-45.7173,ap1:10.893-ap3:9.274-ap4:8.7648,0.0,8.4869,0.0
2,41,ap3,72.4425,37.8627,0.0,26.1835,,5.6512,0.0,0.0
3,41,ap4,72.1847,39.161,0.0,22.6632,,5.1706,0.0,0.0
4,41,cs1,17.316,43.2344,0.0,-56.3668,ap1:16.1539-ap3:10.384-ap4:9.8748,0.0,10.4935,0.0
5,41,cs2,17.316,43.148,0.0,-56.1967,ap1:15.9933-ap3:10.3047-ap4:9.7955,0.0,10.2609,0.0
6,41,cs3,17.316,42.217,0.0,-58.0947,ap1:15.1894-ap3:10.2677-ap4:9.7585,0.0,10.3139,0.0
0,42,ap1,86.6542,38.2237,0.0008,0.0,cs1:0.0-cs2:0.0,0.0,0.0001,0.0
1,42,ap2,17.316,38.1811,0.0,13.1051,ap1:8.9252-ap3:6.965-ap4:6.9353-cs1:0.0-cs2:0.0,0.0,1.9599,0.0
2,42,ap3,68.9012,35.4303,0.0,0.0,cs1:0.0-cs2:0.0,0.0,0.0001,0.0
3,42,ap4,71.7914,38.8803,0.0,0.0,cs1:0.0-cs2:0.0,0.0,0.0001,0.0
4,42,cs1,17.316,42.915,0.0,15.7658,ap1:13.5975-ap3:7.2962-ap4:7.2056-cs2:0.0,0.0,2.4996,0.0
5,42,cs2,17.316,42.143,0.0,13.881,ap1:12.9812-ap3:7.3951-ap4:7.3045-cs1:0.0,0.0,2.8532,0.0
6,42,cs3,17.316,42.0549,0.0,13.3387,ap1:12.9265-ap3:7.4483-ap4:7.3577-cs1:0.0-cs2:0.0,0.0,2.993,0.0
0,43,ap1,87.7038,38.8023,0.0009,45.364,ap2:0.0-ap3:0.0-ap4:0.0-cs1:0.0-cs2:0.0-cs3:0.0,0.0,0.0,0.0
1,43,ap2,17.316,37.294,0.0,0.0001,ap1:7.1151-ap3:7.9239-ap4:8.184,0.0,3.245,0.0
2,43,ap3,73.3878,38.5119,0.0,27.2619,,0.0,0.0,0.0
3,43,ap4,71.5071,38.6774,0.0,26.9795,,0.0,0.0,0.0
4,43,cs1,17.316,42.6036,0.0,0.0001,ap1:14.4988-ap3:9.4878-ap4:8.719,0.0,7.418,0.0
5,43,cs2,17.316,42.3529,0.0,0.0001,ap1:14.018-ap3:9.007-ap4:8.2383,0.0,6.2264,0.0
6,43,cs3,17.316,41.3964,0.0,0.0,ap1:13.2702-ap3:8.2592-ap4:7.4904,0.0,4.9392,0.0
0,44,ap1,83.2554,36.35,0.0003,90.6657,ap2:0.0-ap3:0.0-ap4:0.0-cs1:0.0-cs2:0.0-cs3:0.0,3.0532,0.0001,0.0
1,44,ap2,17.316,36.2146,0.0,-17.1629,ap1:7.8733-ap3:8.5426-ap4:7.8706-cs1:0.0-cs2:0.0-cs3:0.0,0.0,5.3853,0.0
2,44,ap3,73.4339,38.5436,0.0,59.3868,ap1:0.0-ap2:0.0-ap4:0.0-cs1:0.0-cs2:0.0-cs3:0.0,2.8408,0.0001,0.0
3,44,ap4,69.5087,37.2511,0.0,57.2088,ap1:0.0-ap2:0.0-ap3:0.0-cs1:0.0-cs2:0.0-cs3:0.0,2.7854,0.0,0.0
4,44,cs1,17.316,42.6118,0.0,-20.3529,ap1:13.6147-ap2:0.0-ap3:9.6478-ap4:8.9758-cs2:0.0-cs3:0.0,0.0,6.94,0.0
5,44,cs2,17.316,42.5788,0.0,-20.6143,ap1:13.5942-ap2:0.0-ap3:9.6518-ap4:8.9797-cs1:0.0-cs3:0.0,0.0,6.9604,0.0
6,44,cs3,17.316,44.0777,0.0,-20.2615,ap1:14.8747-ap2:0.0-ap3:9.8869-ap4:9.2148-cs1:0.0-cs2:0.0,0.0,7.2122,0.0
0,45,ap1,85.5866,37.6351,0.0019,96.1833,,2.5537,0.0,0.0
1,45,ap2,17.316,33.8103,0.0,17.7707,ap1:10.6407-ap3:3.8674-ap4:3.2755-cs1:0.0-cs2:0.0,0.0,0.0,0.0
2,45,ap3,70.8123,36.743,0.0,56.2965,ap1:0.0-ap2:0.0-ap4:0.0-cs1:0.0-cs2:0.0-cs3:0.0,2.5723,0.0,0.0
3,45,ap4,68.7123,36.6827,0.0,52.3445,ap1:0.0-ap2:0.0-ap3:0.0-cs1:0.0-cs2:0.0-cs3:0.0,2.5579,0.0,0.0
4,45,cs1,17.316,44.1066,0.0,23.7816,ap1:13.4039-ap3:7.3295-ap4:6.7376-cs2:0.0,0.0,0.6828,0.0
5,45,cs2,17.316,44.0667,0.0,23.7506,ap1:13.39-ap3:7.3149-ap4:6.723-cs1:0.0,0.0,0.6795,0.0
6,45,cs3,17.316,43.218,0.0,25.159,ap1:13.0732-ap3:6.8-ap4:6.2081-cs1:0.0-cs2:0.0,0.0,0.0,0.0
0,46,ap1,89.1992,39.6266,0.0,117.482,,8.0137,0.0001,0.0
1,46,ap2,17.316,38.3874,0.0,1.0813,ap1:10.6892-ap3:8.7502-ap4:7.8876,0.0001,6.2546,0.0
2,46,ap3,74.5586,39.316,0.0,53.7592,ap1:0.0-ap2:0.0-ap4:0.0-cs1:0.0-cs2:0.0-cs3:0.0,3.6506,0.0001,0.0
3,46,ap4,69.5752,37.2986,0.0,47.7334,ap1:0.0-ap2:0.0-ap3:0.0-cs1:0.0-cs2:0.0-cs3:0.0,3.1674,0.0001,0.0
4,46,cs1,17.316,41.7831,0.0,-0.002,ap1:14.296-ap3:9.3589-ap4:8.4963,0.0001,7.683,0.0
5,46,cs2,17.316,42.8809,0.0,-0.002,ap1:15.3894-ap3:9.5334-ap4:8.6707,0.0001,8.0276,0.0
6,46,cs3,17.316,44.7658,0.0,0.6824,ap1:17.2107-ap3:9.7467-ap4:8.8841,0.0001,8.3905,0.0
0,47,ap1,83.3503,36.4023,0.0009,18.0018,ap2:0.0-ap3:0.0-ap4:0.0-cs1:0.0-cs2:0.0-cs3:0.0,1.4602,0.0,0.0
1,47,ap2,17.316,37.6428,0.0,0.0001,ap1:0.0071-ap3:10.2151-ap4:13.7679-cs1:0.0-cs2:0.0-cs3:0.0,0.0,3.663,0.0
2,47,ap3,72.3769,37.8176,0.0,18.9143,ap1:0.0-ap2:0.0-ap4:0.0-cs1:0.0-cs2:0.0-cs3:0.0,1.2067,0.0,0.0
3,47,ap4,68.8065,36.75,0.0,18.908,ap1:0.0-ap2:0.0-ap3:0.0-cs1:0.0-cs2:0.0-cs3:0.0,1.1511,0.0,0.0
4,47,cs1,17.316,43.4244,0.0,0.0001,ap1:14.8472-ap2:0.0-ap3:9.0056-ap4:6.9685-cs2:0.0-cs3:0.0,0.0,4.7127,0.0
5,47,cs2,17.316,44.2075,0.0,0.0001,ap1:18.7839-ap2:0.0-ap3:7.4999-ap4:5.4628-cs1:0.0-cs3:0.0,0.0,4.8549,0.0
6,47,cs3,17.316,43.427,0.0,0.0001,ap1:14.7708-ap2:0.0-ap3:9.0453-ap4:7.0083-cs1:0.0-cs2:0.0,0.0,4.7132,0.0
0,48,ap1,86.4182,38.0935,0.0,-0.0004,ap2:0.0-ap3:0.0-ap4:0.0-cs1:0.0-cs2:0.0-cs3:0.0,3.9254,0.0,0.0
1,48,ap2,17.316,37.8397,0.0,19.0621,ap1:9.9072-ap3:9.0032-ap4:8.1481,0.0,3.3799,0.0
2,48,ap3,72.5677,37.9486,0.0,0.0003,,2.7776,0.0,0.0
3,48,ap4,69.6555,37.3559,0.0,0.0003,,2.5831,0.0,0.0
4,48,cs1,17.316,43.3388,0.0,24.5654,ap1:14.7122-ap3:9.5654-ap4:9.086,0.0,4.217,0.0
5,48,cs2,17.316,41.986,0.0,25.3108,ap1:13.4523-ap3:9.3671-ap4:8.6404,0.0,3.6456,0.0
6,48,cs3,17.316,42.7346,0.0,24.5679,ap1:14.1804-ap3:9.4207-ap4:8.9686,0.0,4.0193,0.0
0,49,ap1,80.7218,34.9533,0.0,1.4093,,0.0,0.0,0.0
1,49,ap2,17.316,38.4295,0.0,16.2762,ap1:0.005-ap3:13.1585-ap4:12.4756,0.0,4.5256,0.0
2,49,ap3,72.5975,37.9691,0.0,1.357,,0.0,0.0,0.0
3,49,ap4,68.2483,36.3516,0.0,1.358,,0.0,0.0,0.0
4,49,cs1,17.316,42.3576,0.0,21.4609,ap1:13.5135-ap3:7.7731-ap4:7.0902,0.0,3.3353,0.0
5,49,cs2,17.316,42.1523,0.0,20.1737,ap1:10.7619-ap3:9.2632-ap4:8.5802,0.0,3.769,0.0
6,49,cs3,17.316,42.997,0.0,20.8871,ap1:21.488-ap3:4.4336-ap4:3.7507,0.0,3.9912,0.0
0,50,ap1,83.9208,36.7168,0.0,44.7194,ap2:0.0-ap3:0.0-ap4:0.0-cs1:0.0-cs2:0.0-cs3:0.0,0.0,0.0,0.0
1,50,ap2,17.316,38.5359,0.0,6.772,ap1:0.3702-ap3:11.1527-ap4:11.1635,0.0,1.4663,0.0
2,50,ap3,73.9958,38.9295,0.0,34.1254,,0.0,0.0,0.0
3,50,ap4,71.0078,38.3211,0.0,31.5415,,0.0,0.0,0.0
4,50,cs1,17.316,42.4166,0.0,5.4843,ap1:9.7056-ap3:8.2805-ap4:11.1178,0.0,4.0031,0.0
5,50,cs2,17.316,43.3793,0.0,5.3953,ap1:15.9918-ap3:5.8952-ap4:8.7324,0.0,4.5559,0.0
6,50,cs3,17.316,44.7996,0.0,5.8238,ap1:21.1362-ap3:9.7377-ap4:1.6728,0.0,5.063,0.0
0,51,ap1,86.69,38.2434,0.0001,89.5344,ap2:0.0-ap3:0.0-ap4:0.0-cs1:0.0-cs2:0.0-cs3:0.0,0.0971,0.0,0.0
1,51,ap2,17.316,38.828,0.0,-10.7152,ap1:6.8504-ap3:9.8667-ap4:9.0775-cs1:0.0-cs2:0.0-cs3:0.0,0.0,4.2827,0.0
2,51,ap3,72.4155,37.8441,0.0,67.4157,ap1:0.0-ap2:0.0-ap4:0.0-cs1:0.0-cs2:0.0-cs3:0.0,0.097,0.0,0.0
3,51,ap4,70.9725,38.2959,0.0,62.5726,ap1:0.0-ap2:0.0-ap3:0.0-cs1:0.0-cs2:0.0-cs3:0.0,0.097,0.0,0.0
4,51,cs1,17.316,44.635,0.0,-11.0856,ap1:15.9457-ap2:0.0-ap3:7.852-ap4:7.823-cs2:0.0-cs3:0.0,0.0,4.3018,0.0
5,51,cs2,17.316,43.0596,0.0,-11.0857,ap1:13.5495-ap2:0.0-ap3:8.3887-ap4:7.8504-cs1:0.0-cs3:0.0,0.0,4.0451,0.0
6,51,cs3,17.316,42.2006,0.0,-11.0857,ap1:12.1983-ap2:0.0-ap3:8.5612-ap4:8.0229-cs1:0.0-cs2:0.0,0.0,3.898,0.0
0,52,ap1,83.4658,36.466,0.0,132.7474,,5.8998,0.0,0.0
1,52,ap2,17.316,38.0383,0.0,-24.5245,ap1:8.8758-ap3:8.8579-ap4:8.1183,0.0,5.1336,0.0
2,52,ap3,73.5783,38.6427,0.0,97.5079,,3.6569,0.0,0.0
3,52,ap4,70.0022,37.6034,0.0,90.8729,,3.2354,0.0,0.0
4,52,cs1,17.316,43.286,0.0,-30.3578,ap1:13.6729-ap3:9.7676-ap4:9.028,0.0,6.5025,0.0
5,52,cs2,17.316,44.8891,0.0,-29.2598,ap1:15.0511-ap3:9.9647-ap4:9.2252,0.0,6.6719,0.0
6,52,cs3,17.316,45.22,0.0,-28.6718,ap1:15.3035-ap3:10.0061-ap4:9.2666,0.0,6.6762,0.0
0,53,ap1,86.8376,38.3247,0.0,48.2983,,0.0003,0.0,0.0
1,53,ap2,17.316,37.3931,0.0,15.1994,ap1:7.9448-ap3:6.8805-ap4:6.1293,0.0,0.8784,0.0
2,53,ap3,74.5697,39.3236,0.0,50.7311,ap1:0.0-ap2:0.0-ap4:0.0-cs1:0.0-cs2:0.0-cs3:0.0,0.0002,0.0,0.0
3,53,ap4,70.2793,37.8011,0.0,50.9169,ap1:0.0-ap2:0.0-ap3:0.0-cs1:0.0-cs2:0.0-cs3:0.0,0.0003,0.0,0.0
4,53,cs1,17.316,43.4262,0.0,20.2235,ap1:13.7799-ap3:7.0566-ap4:6.3053,0.0,1.0326,0.0
5,53,cs2,17.316,44.4275,0.0,21.7511,ap1:14.6691-ap3:6.8781-ap4:6.4546,0.0,0.8912,0.0
6,53,cs3,17.316,41.8813,0.0,22.0707,ap1:12.1197-ap3:6.7174-ap4:5.9661,0.0,0.239,0.0
0,54,ap1,87.0552,38.4447,0.0,93.8442,,0.0,0.0001,0.0
1,54,ap2,17.316,38.7593,0.0,-0.0009,ap1:0.0494-ap3:10.7231-ap4:10.6712-cs1:0.0-cs2:0.0-cs3:0.0,0.0001,0.0,0.0
2,54,ap3,70.0683,36.232,0.0,76.5781,ap1:0.0-ap2:0.0-ap4:0.0-cs1:0.0-cs2:0.0-cs3:0.0,0.0,0.0,0.0
3,54,ap4,71.1751,38.4405,0.0,74.2475,ap1:0.0-ap2:0.0-ap3:0.0-cs1:0.0-cs2:0.0-cs3:0.0,0.0,0.0,0.0
4,54,cs1,17.316,44.0912,0.0,-0.0009,ap1:19.1764-ap2:0.0-ap3:6.6307-ap4:0.9686-cs2:0.0-cs3:0.0,0.0001,0.0,0.0
5,54,cs2,17.316,42.3909,0.0,-0.0009,ap1:10.4487-ap2:0.0-ap3:4.3367-ap4:10.29-cs1:0.0-cs3:0.0,0.0001,0.0,0.0
6,54,cs3,17.316,43.9853,0.0,-0.0009,ap1:18.9359-ap2:0.0-ap3:6.3902-ap4:1.3437-cs1:0.0-cs2:0.0,0.0001,0.0,0.0
0,55,ap1,98.3545,44.6736,0.0,139.9686,cs1:0.0-cs3:0.0,22.5681,0.0,0.0
1,55,ap2,17.316,45.6935,0.0,-20.3504,ap1:1.7833-ap3:19.2212-ap4:18.3939,0.0,10.6147,0.0
2,55,ap3,82.6318,44.861,0.0,103.2225,,16.4292,0.0,0.0
3,55,ap4,80.9263,45.4001,0.0,96.3305,,15.3649,0.0,0.0
4,55,cs1,17.316,52.2173,0.0,-25.4097,ap1:26.1148-ap3:11.2797-ap4:10.4524,0.0,12.5394,0.0
5,55,cs2,17.316,50.7169,0.0,-23.7964,ap1:20.6771-ap3:12.957-ap4:12.1298,0.0,11.9567,0.0
6,55,cs3,17.316,52.6137,0.0,-25.3092,ap1:27.6739-ap3:10.7421-ap4:9.9149,0.0,12.6268,0.0
0,56,ap1,87.6202,38.7562,0.0,0.0,,0.0002,0.0,0.0
1,56,ap2,17.316,37.6627,0.0,37.3496,ap1:8.4663-ap3:7.8875-ap4:7.4949,0.0,3.5036,0.0
2,56,ap3,71.0616,36.9142,0.0,0.0,,0.0001,0.0,0.0
3,56,ap4,70.623,38.0464,0.0,0.0,ap2:0.0-cs1:0.0-cs2:0.0-cs3:0.0,0.0,0.0003,0.0
4,56,cs1,17.316,43.1055,0.0,41.428,ap1:13.3087-ap3:8.7227-ap4:8.3301,0.0,4.5735,0.0
5,56,cs2,17.316,42.688,0.0,39.7932,ap1:12.9667-ap3:8.6885-ap4:8.2959,0.0,4.5807,0.0
6,56,cs3,17.316,44.0805,0.0,41.8422,ap1:14.1236-ap3:8.85-ap4:8.4574,0.0,4.6681,0.0
0,57,ap1,88.0787,39.0089,0.0,46.0284,ap2:0.0,0.0009,0.0,0.0
1,57,ap2,17.316,36.7584,0.0,50.047,ap1:7.8084-ap3:7.6109-ap4:6.9709,0.0,2.9499,0.0
2,57,ap3,71.2462,37.041,0.0,32.1658,ap2:0.0,0.0005,0.0,0.0
3,57,ap4,69.9167,37.5423,0.0,30.6917,ap2:0.0,0.0004,0.0,0.0
4,57,cs1,17.316,42.7928,0.0,58.7278,ap1:13.9032-ap2:0.0-ap3:8.9733-ap4:8.5764-cs2:0.0,0.0,5.9784,0.0
5,57,cs2,17.316,42.7996,0.0,57.5519,ap1:13.704-ap2:0.0-ap3:8.7957-ap4:8.3988,0.0,5.4172,0.0
6,57,cs3,17.316,42.6545,0.0,59.0842,ap1:13.655-ap2:0.0-ap3:8.8267-ap4:8.4298-cs2:0.0,0.0,5.5753,0.0
0,58,ap1,86.3221,38.0406,0.0001,91.8152,,0.0003,0.0002,0.0
1,58,ap2,17.316,37.6085,0.0,50.3425,ap1:4.8252-ap3:8.2228-ap4:8.535,0.0,0.0,0.0
2,58,ap3,72.7849,38.0978,0.0,64.0852,ap1:0.0-ap2:0.0-ap4:0.0-cs1:0.0-cs2:0.0-cs3:0.0,0.0,0.0,0.0
3,58,ap4,69.4231,37.1901,0.0,60.9036,ap1:0.0-ap2:0.0-ap3:0.0-cs1:0.0-cs2:0.0-cs3:0.0,0.0001,0.0,0.0
4,58,cs1,17.316,43.659,0.0,72.3219,ap1:14.9798-ap3:6.4111-ap4:6.2661,0.0,0.0,0.0
5,58,cs2,17.316,42.8862,0.0,67.6312,ap1:13.8838-ap3:6.5752-ap4:6.4302,0.0,0.0,0.0
6,58,cs3,17.316,43.4953,0.0,70.2875,ap1:14.5918-ap3:6.5144-ap4:6.3694,0.0,0.0,0.0
0,59,ap1,85.955,37.8382,0.0012,137.3631,ap2:0.0-ap3:0.0-ap4:0.0-cs1:0.0-cs2:0.0-cs3:0.0,0.0,0.0002,0.0
1,59,ap2,17.316,36.9042,0.0,29.9783,ap1:7.7128-ap3:8.0954-ap4:7.5541-cs1:0.0-cs2:0.0-cs3:0.0,0.0,3.7748,0.0
2,59,ap3,72.5943,37.9669,0.0,90.2431,ap1:0.0-ap2:0.0-ap4:0.0-cs1:0.0-cs2:0.0-cs3:0.0,0.0,0.0003,0.0
3,59,ap4,70.2237,37.7614,0.0,86.9435,ap1:0.0-ap2:0.0-ap3:0.0-cs1:0.0-cs2:0.0-cs3:0.0,0.0,0.0002,0.0
4,59,cs1,17.316,43.5112,0.0,46.2268,ap1:13.4128-ap2:0.0-ap3:8.7737-ap4:8.2324-cs2:0.0-cs3:0.0,0.0,4.2242,0.0
5,59,cs2,17.316,44.2676,0.0,42.2605,ap1:14.1791-ap2:0.0-ap3:9.0171-ap4:8.4758-cs1:0.0-cs3:0.0,0.0,4.7209,0.0
6,59,cs3,17.316,42.7244,0.0,44.3634,ap1:12.8132-ap2:0.0-ap3:8.7419-ap4:8.2006-cs1:0.0-cs2:0.0,0.0,4.348,0.0
0,60,ap1,86.153,37.9473,0.0,182.7283,,0.0011,0.0,0.0
1,60,ap2,17.316,36.2108,0.0,45.0973,ap1:6.0948-ap3:7.9858-ap4:7.3675,0.0,0.0,0.0
2,60,ap3,73.1512,38.3494,0.0,122.8919,ap1:0.0-ap2:0.0-ap4:0.0-cs1:0.0-cs2:0.0-cs3:0.0,0.0008,0.0,0.0
3,60,ap4,71.5185,38.6856,0.0,117.5502,ap1:0.0-ap2:0.0-cs1:0.0-cs2:0.0-cs3:0.0,0.0009,0.0,0.0
4,60,cs1,17.316,44.1907,0.0,59.1154,ap1:14.2993-ap3:7.7712-ap4:7.5458,0.0,0.0,0.0
5,60,cs2,17.316,42.9698,0.0,58.8552,ap1:13.065-ap3:7.749-ap4:7.6049,0.0,0.0,0.0
6,60,cs3,17.316,44.6838,0.0,59.0954,ap1:14.7473-ap3:7.8262-ap4:7.5525,0.0,0.0,0.0
0,61,ap1,87.3178,38.5895,0.0002,228.1458,ap2:0.0-ap3:0.0-ap4:0.0-cs1:0.0-cs2:0.0-cs3:0.0,0.0,0.0,0.0
1,61,ap2,17.316,37.7019,0.0,24.8677,ap1:10.3293-ap3:6.0598-ap4:5.883,0.0,0.0,0.0
2,61,ap3,73.8245,38.8119,0.0,152.4073,,0.0,0.0,0.0
3,61,ap4,70.946,38.277,0.0,145.873,,0.0,0.0,0.0
4,61,cs1,17.316,44.2269,0.0,31.1817,ap1:13.3498-ap3:7.8057-ap4:7.6272,0.0,0.0,0.0
5,61,cs2,17.316,40.9573,0.0,32.051,ap1:12.2754-ap3:6.7131-ap4:6.5249,0.0,0.0,0.0
6,61,cs3,17.316,42.4976,0.0,30.6809,ap1:12.7795-ap3:7.2272-ap4:7.0389,0.0,0.0,0.0
0,62,ap1,85.5469,37.6132,0.0,273.5984,ap2:0.0-ap3:0.0-ap4:0.0-cs1:0.0-cs2:0.0-cs3:0.0,0.0,0.0,0.0
1,62,ap2,17.316,39.2611,0.0,4.0952,ap1:0.1416-ap3:10.781-ap4:11.022,0.0,0.0,0.0
2,62,ap3,73.4284,38.5398,0.0,178.341,,0.0,0.0,0.0
3,62,ap4,71.137,38.4132,0.0,171.1236,,0.0,0.0,0.0
4,62,cs1,17.316,44.2952,0.0,4.337,ap1:18.5379-ap3:5.6047-ap4:2.8362,0.0,0.0,0.0
5,62,cs2,17.316,42.2278,0.0,8.2554,ap1:11.9428-ap3:6.3638-ap4:6.6048,0.0,0.0,0.0
6,62,cs3,17.316,43.9352,0.0,5.4563,ap1:17.3118-ap3:5.8392-ap4:3.4677,0.0,0.0,0.0
0,63,ap1,86.057,37.8945,0.0,319.1162,,7.5245,0.0001,0.0
1,63,ap2,17.316,38.4687,0.0,-16.7433,ap1:1.3017-ap3:10.9951-ap4:10.1238,0.0,1.267,0.0
2,63,ap3,71.1724,36.9903,0.0,205.4868,,2.3058,0.0001,0.0
3,63,ap4,68.6244,36.62,0.0,193.8462,,2.9017,0.0001,0.0
4,63,cs1,17.316,44.6456,0.0,-21.2818,ap1:26.798-ap3:5.1597-ap4:4.9229,0.0,9.5501,0.0
5,63,cs2,17.316,43.4194,0.0,-15.4003,ap1:17.9407-ap3:8.15-ap4:7.9132,0.0,7.8995,0.0
6,63,cs3,17.316,42.3897,0.0,-19.8206,ap1:9.6458-ap3:12.1821-ap4:11.9453,0.0,8.6986,0.0
0,64,ap1,79.4403,34.2469,0.0008,131.1422,,7.3071,0.0,0.0
1,64,ap2,17.316,38.1788,0.0,-31.4401,ap1:5.3765-ap3:15.3029-ap4:13.2735,0.0,13.0898,0.0
2,64,ap3,73.8792,38.8494,0.0,166.3414,,8.3817,0.0,0.0
3,64,ap4,69.0133,36.8976,0.0,134.1189,,6.912,0.0,0.0
4,64,cs1,17.316,43.2084,0.0,-6.5132,ap1:17.1223-ap3:9.0216-ap4:8.2369,0.0,8.4881,0.0
5,64,cs2,17.316,40.9884,0.0,-6.5079,ap1:11.8939-ap3:10.2992-ap4:9.5144,0.0,8.0346,0.0
6,64,cs3,17.316,43.6259,0.0,-6.541,ap1:18.1081-ap3:8.7874-ap4:8.0026,0.0,8.5878,0.0
0,65,ap1,84.6027,37.0927,0.0005,0.0002,,2.1513,0.0,0.0
1,65,ap2,17.316,39.384,0.0,7.3942,ap1:9.9359-ap3:8.6778-ap4:8.147,0.0,4.6922,0.0
2,65,ap3,72.6039,37.9735,0.0,0.0001,,1.5681,0.0,0.0
3,65,ap4,70.7022,38.1029,0.0,0.0001,,1.4761,0.0,0.0
4,65,cs1,17.316,42.5005,0.0,6.966,ap1:13.0055-ap3:9.1246-ap4:8.5938,0.0,5.5389,0.0
5,65,cs2,17.316,43.8508,0.0,7.0432,ap1:14.3143-ap3:9.3179-ap4:8.7871,0.0,5.884,0.0
6,65,cs3,17.316,41.7605,0.0,6.9895,ap1:12.4052-ap3:9.0777-ap4:8.5469,0.0,5.5848,0.0
0,66,ap1,87.9673,38.9475,0.0008,0.0,,0.0,0.0,0.0
1,66,ap2,17.316,39.3316,0.0,24.8451,ap1:9.6715-ap3:8.1557-ap4:7.6312,0.0,3.4428,0.0
2,66,ap3,71.9221,37.5052,0.0,0.0,,0.0,0.0,0.0
3,66,ap4,69.7225,37.4037,0.0,0.0,,0.0,0.0,0.0
4,66,cs1,17.316,41.704,0.0,28.3834,ap1:12.0433-ap3:8.606-ap4:8.0815,0.0,4.3429,0.0
5,66,cs2,17.316,43.1767,0.0,30.0016,ap1:13.2894-ap3:8.7721-ap4:8.2476,0.0,4.4485,0.0
6,66,cs3,17.316,44.0205,0.0,29.4806,ap1:14.0163-ap3:8.8832-ap4:8.3587,0.0,4.5538,0.0
0,67,ap1,81.2475,35.2431,0.0,46.2669,ap2:0.0-cs1:0.0-cs2:0.0,0.0,0.0001,0.0
1,67,ap2,17.316,37.3448,0.0,32.5624,ap1:7.582-ap3:7.3009-ap4:6.7346-cs1:0.0-cs2:0.0,0.0,0.9744,0.0
2,67,ap3,70.1108,36.2611,0.0,32.4837,ap1:0.0-ap2:0.0-ap4:0.0-cs1:0.0-cs2:0.0-cs3:0.0,0.0002,0.0,0.0
3,67,ap4,69.4366,37.1997,0.0,30.5035,ap1:0.0-ap2:0.0-ap3:0.0-cs1:0.0-cs2:0.0-cs3:0.0,0.0,0.0,0.0
4,67,cs1,17.316,44.0677,0.0,41.3113,ap1:13.2529-ap2:0.0-ap3:8.0257-ap4:7.7387-cs2:0.0,0.0,1.6764,0.0
5,67,cs2,17.316,43.9017,0.0,42.4134,ap1:13.0446-ap2:0.0-ap3:7.9352-ap4:7.6482,0.0,1.4325,0.0
6,67,cs3,17.316,42.7963,0.0,41.9678,ap1:12.1246-ap2:0.0-ap3:7.7107-ap4:7.4237-cs1:0.0-cs2:0.0,0.0,1.1463,0.0
0,68,ap1,87.9157,38.919,0.0001,90.1712,,0.0,0.0,0.0
1,68,ap2,17.316,36.0137,0.0,18.5291,ap1:0.0271-ap3:9.6282-ap4:9.1928,0.0,0.0,0.0
2,68,ap3,70.9826,36.8599,0.0,62.04,,0.0,0.0,0.0
3,68,ap4,69.3896,37.1661,0.0,58.6992,,0.0,0.0,0.0
4,68,cs1,17.316,43.8412,0.0,24.9689,ap1:17.9249-ap2:0.0-ap3:3.9637-ap4:4.6603-cs2:0.0,0.0,0.0,0.0
5,68,cs2,17.316,41.7126,0.0,24.791,ap1:13.6928-ap3:5.9218-ap4:5.8513,0.0,0.0,0.0
6,68,cs3,17.316,43.6641,0.0,23.7142,ap1:17.3517-ap3:4.15-ap4:4.8466,0.0,0.0,0.0
0,69,ap1,85.0727,37.3518,0.0002,135.9773,,0.0,0.0,0.0
1,69,ap2,17.316,35.0558,0.0,0.9083,ap1:6.5428-ap3:7.9916-ap4:7.293,0.0,4.0881,0.0
2,69,ap3,71.3406,37.1058,0.0,84.1623,,0.0,0.0,0.0
3,69,ap4,70.4867,37.9491,0.0,81.651,,0.0,0.0,0.0
4,69,cs1,17.316,41.7274,0.0,0.1487,ap1:13.5727-ap3:8.734-ap4:8.4115,0.0,6.3072,0.0
5,69,cs2,17.316,41.6613,0.0,0.9834,ap1:13.5203-ap3:8.6898-ap4:8.3777,0.0,6.2429,0.0
6,69,cs3,17.316,42.3261,0.0,-0.9184,ap1:14.0856-ap3:8.8198-ap4:8.4557,0.0,6.3514,0.0
0,70,ap1,85.3518,37.5057,0.0,179.9948,,5.2085,0.0,0.0
1,70,ap2,17.316,36.8129,0.0,8.6983,ap1:0.6436-ap3:12.7362-ap4:11.1619,0.0,5.0448,0.0
2,70,ap3,73.0658,38.2908,0.0,115.7403,,3.4369,0.0,0.0
3,70,ap4,71.692,38.8094,0.0,111.6635,,3.3012,0.0,0.0
4,70,cs1,17.316,43.5901,0.0,14.8959,ap1:16.3259-ap3:8.5682-ap4:8.4169,0.0,7.0368,0.0
5,70,cs2,17.316,44.958,0.0,15.4118,ap1:19.9342-ap3:8.0165-ap4:7.8652,0.0,8.1739,0.0
6,70,cs3,17.316,43.4527,0.0,13.5379,ap1:16.1509-ap3:8.8912-ap4:8.7399,0.0,7.6454,0.0
0,71,ap1,85.1902,37.4166,0.0,0.0,ap3:0.0-ap4:0.0,0.0001,0.0,0.0
1,71,ap2,17.316,39.3045,0.0,6.3571,ap1:10.1293-ap3:7.2518-ap4:6.7393,0.0,2.1329,0.0
2,71,ap3,72.8251,38.1254,0.0,0.0,,0.0,0.0005,0.0
3,71,ap4,70.4048,37.8907,0.0,0.0,,0.0,0.0001,0.0
4,71,cs1,17.316,42.1407,0.0,12.5025,ap1:12.2817-ap3:7.3355-ap4:6.8229,0.0,1.6164,0.0
5,71,cs2,17.316,43.2735,0.0,15.3559,ap1:13.0858-ap3:7.367-ap4:6.8544,0.0,1.3508,0.0
6,71,cs3,17.316,42.1672,0.0,13.2189,ap1:12.2776-ap3:7.2993-ap4:6.7868,0.0,1.5136,0.0
0,72,ap1,84.8008,37.2019,0.0,44.9858,ap2:0.0-cs1:0.0-cs2:0.0-cs3:0.0,0.0,0.0,0.0
1,72,ap2,17.316,37.0108,0.0,-0.0005,ap1:7.5038-ap3:8.0987-ap4:6.8795,0.0,2.7888,0.0
2,72,ap3,73.2396,38.4101,0.0,27.551,,0.0,0.0,0.0
3,72,ap4,66.7024,35.2482,0.0,25.6176,,0.0,0.0,0.0
4,72,cs1,17.316,43.4835,0.0,-0.0005,ap1:13.1008-ap3:8.7453-ap4:8.0252,0.0,3.7054,0.0
5,72,cs2,17.316,43.6596,0.0,-0.0005,ap1:13.2406-ap3:8.7809-ap4:8.051,0.0,3.7303,0.0
6,72,cs3,17.316,44.2483,0.0,-0.0005,ap1:13.7551-ap3:8.8743-ap4:8.115,0.0,3.8137,0.0
0,73,ap1,85.8745,37.7938,0.0,90.1988,,9.0727,0.0,0.0
1,73,ap2,17.316,38.3938,0.0,-0.0012,ap1:0.0059-ap3:11.0653-ap4:10.0065,0.0,0.0,0.0
2,73,ap3,73.0167,38.257,0.0,60.32,,5.1121,0.0,0.0
3,73,ap4,70.5719,38.01,0.0,55.1301,,4.5969,0.0,0.0
4,73,cs1,17.316,43.5305,0.0,-0.0012,ap1:23.8203-ap3:1.5495-ap4:0.8447,0.0,0.0,0.0
5,73,cs2,17.316,42.2025,0.0,-0.0012,ap1:10.4575-ap3:7.5669-ap4:6.8621,0.0,0.0,0.0
6,73,cs3,17.316,43.3744,0.0,-0.0012,ap1:22.8698-ap3:1.9467-ap4:1.2419,0.0,0.0,0.0
0,74,ap1,103.3059,47.4031,0.0,0.0,,0.0003,0.0,0.0
1,74,ap2,17.316,45.7199,0.0,-19.8678,ap1:5.7106-ap3:1.1695-ap4:21.4945,0.0005,0.0,0.0
2,74,ap3,82.5251,44.7877,0.0,0.0,,0.0003,0.0,0.0
3,74,ap4,82.0638,46.212,0.0,0.0,,0.0003,0.0,0.0
4,74,cs1,17.316,50.391,0.0,-24.7094,ap1:16.5104-ap3:11.9694-ap4:4.5659,0.0005,0.0,0.0
5,74,cs2,17.316,49.6843,0.0,-23.4577,ap1:16.2749-ap3:11.7338-ap4:4.3303,0.0005,0.0,0.0
6,74,cs3,17.316,53.1685,0.0,-24.5622,ap1:17.4362-ap3:12.8952-ap4:5.4917,0.0005,0.0,0.0
0,75,ap1,85.0736,37.3523,0.0,55.9546,ap2:0.0-ap3:0.0-ap4:0.0,18.5688,0.0,0.0
1,75,ap2,17.316,38.588,0.0,-48.2785,ap1:19.7125-ap3:9.1903-ap4:8.2929,0.0,15.9234,0.0
2,75,ap3,72.585,37.9605,0.0,37.7792,ap2:0.0,12.3512,0.0,0.0
3,75,ap4,71.1761,38.4412,0.0,35.8925,ap2:0.0,11.5467,0.0,0.0
4,75,cs1,17.316,40.5952,0.0,-57.7944,ap1:3.2922-ap2:0.0-ap3:18.0499-ap4:17.1524,0.0,15.215,0.0
5,75,cs2,17.316,43.7723,0.0,-55.8356,ap1:42.2379-ap2:0.0-ap3:0.1953-ap4:0.1935,0.0,16.1701,0.0
6,75,cs3,17.316,41.0182,0.0,-60.4264,ap1:1.0472-ap2:0.0-ap3:19.5399-ap4:18.6424,0.0,15.5269,0.0
0,76,ap1,86.3737,38.069,0.0003,-89.7603,ap2:0.0-ap3:0.0-ap4:0.0-cs1:0.0-cs2:0.0-cs3:0.0,0.0,0.0,0.0
1,76,ap2,17.316,36.8167,0.0,-13.8514,ap1:20.1048-ap3:0.5343-ap4:0.5214,0.0,0.0,0.0
2,76,ap3,74.1612,39.0431,0.0,-56.4593,,0.0,0.0,0.0
3,76,ap4,68.7202,36.6884,0.0,-51.8664,,0.0,0.0,0.0
4,76,cs1,17.316,43.5599,0.0,-27.6505,ap1:11.318-ap3:8.7737-ap4:8.0836,0.0,0.0,0.0
5,76,cs2,17.316,43.6061,0.0,-25.3979,ap1:13.8245-ap3:7.5774-ap4:6.8873,0.0,0.0,0.0
6,76,cs3,17.316,42.1759,0.0,-29.614,ap1:3.0576-ap3:12.2295-ap4:11.5394,0.0,0.0,0.0
0,77,ap1,87.8528,38.8844,0.0,-44.4586,,0.0,0.0,0.0
1,77,ap2,17.316,39.4336,0.0,-33.6962,ap1:0.0079-ap3:15.3711-ap4:11.2473,0.0,4.5081,0.0
2,77,ap3,72.7366,38.0646,0.0,-29.1546,,0.0,0.0,0.0
3,77,ap4,70.6468,38.0634,0.0,-26.5152,,0.0,0.0,0.0
4,77,cs1,17.316,43.8851,0.0,-54.074,ap1:16.224-ap3:6.5074-ap4:7.1859,0.0,3.3476,0.0
5,77,cs2,17.316,44.1786,0.0,-51.9282,ap1:18.2026-ap3:5.495-ap4:6.1734,0.0,3.0077,0.0
6,77,cs3,17.316,43.6633,0.0,-54.7726,ap1:14.5334-ap3:7.2978-ap4:7.9762,0.0,3.4596,0.0
0,78,ap1,82.8843,36.1454,0.0007,2.1734,,0.0,0.0001,0.0
1,78,ap2,17.316,38.7906,0.0,-26.7931,ap1:2.4592-ap3:9.6679-ap4:9.3477,0.0,0.0001,0.0
2,78,ap3,70.2592,36.3631,0.0,3.8634,ap1:0.0-ap2:0.0-ap4:0.0-cs1:0.0-cs2:0.0-cs3:0.0,0.0,0.0001,0.0
3,78,ap4,71.191,38.4518,0.0,4.5138,ap1:0.0-ap2:0.0-ap3:0.0-cs1:0.0-cs2:0.0-cs3:0.0,0.0,0.0001,0.0
4,78,cs1,17.316,42.8038,0.0,-58.6097,ap1:16.4418-ap3:4.6832-ap4:4.363,0.0,0.0001,0.0
5,78,cs2,17.316,42.6206,0.0,-58.8518,ap1:15.475-ap3:5.075-ap4:4.7549,0.0,0.0001,0.0
6,78,cs3,17.316,42.0769,0.0,-58.402,ap1:12.3626-ap3:6.3594-ap4:6.0392,0.0,0.0001,0.0
0,79,ap1,86.2531,38.0025,0.0008,46.3099,ap2:0.0-cs1:0.0-cs2:0.0-cs3:0.0,0.0,0.0001,0.0
1,79,ap2,17.316,38.4317,0.0,-47.0723,ap3:12.8596-ap4:8.258,0.0001,0.0,0.0
2,79,ap3,71.0022,36.8734,0.0,28.2131,ap2:0.0-cs1:0.0-cs2:0.0-cs3:0.0,0.0,0.0001,0.0
3,79,ap4,70.9708,38.2947,0.0,27.6542,ap2:0.0-cs1:0.0-cs2:0.0-cs3:0.0,0.0,0.0001,0.0
4,79,cs1,17.316,42.0726,0.0,-82.6785,ap1:12.5099-ap3:6.6698-ap4:8.2036,0.0001,2.6245,0.0
5,79,cs2,17.316,43.8034,0.0,-82.7477,ap1:29.9479-ap2:0.0,0.0001,3.4583,0.0
6,79,cs3,17.316,41.5521,0.0,-81.7845,ap1:5.7914-ap3:9.605-ap4:11.1388,0.0001,2.2968,0.0
0,80,ap1,86.3136,38.0359,0.002,91.5652,,4.9951,0.0,0.0
1,80,ap2,17.316,38.1757,0.0,-66.8832,ap1:0.216-ap3:11.3472-ap4:14.4227,0.0,5.126,0.0
2,80,ap3,72.6725,38.0206,0.0,55.5397,,3.2145,0.0,0.0
3,80,ap4,70.8047,38.1761,0.0,53.542,,3.0722,0.0,0.0
4,80,cs1,17.316,44.6509,0.0,-92.7791,ap1:24.1325-ap3:8.9305-ap4:1.9348,0.0,7.6628,0.0
5,80,cs2,17.316,41.5706,0.0,-90.3024,ap1:6.8954-ap3:10.7601-ap4:13.8356,0.0,7.2365,0.0
6,80,cs3,17.316,44.0444,0.0,-93.0354,ap1:22.0304-ap3:6.8284-ap4:5.5075,0.0,7.6378,0.0
0,81,ap1,83.9867,36.7532,0.0005,0.0,ap2:0.0-ap3:0.0-ap4:0.0-cs1:0.0-cs2:0.0-cs3:0.0,2.5416,0.0,0.0
1,81,ap2,17.316,37.9161,0.0,-21.8994,ap1:3.1942-ap3:10.6621-ap4:10.258-cs1:0.0-cs2:0.0-cs3:0.0,0.0,3.5144,0.0
2,81,ap3,71.9084,37.4958,0.0,0.0,ap1:0.0-ap2:0.0-ap4:0.0-cs1:0.0-cs2:0.0-cs3:0.0,1.8517,0.0,0.0
3,81,ap4,71.6775,38.799,0.0,0.0,ap1:0.0-ap2:0.0-ap3:0.0-cs1:0.0-cs2:0.0-cs3:0.0,1.7692,0.0,0.0
4,81,cs1,17.316,44.1402,0.0,-21.8967,ap1:18.669-ap2:0.0-ap3:6.954-ap4:6.5498-cs2:0.0-cs3:0.0,0.0,5.3488,0.0
5,81,cs2,17.316,43.1926,0.0,-21.8894,ap1:15.239-ap2:0.0-ap3:7.6288-ap4:7.2246-cs1:0.0-cs3:0.0,0.0,4.2159,0.0
6,81,cs3,17.316,41.7855,0.0,-21.8947,ap1:12.6736-ap2:0.0-ap3:11.0195-ap4:10.6153-cs1:0.0-cs2:0.0,0.0,9.8392,0.0
0,82,ap1,87.4749,38.6761,0.0,0.0,ap2:0.0-cs1:0.0-cs2:0.0-cs3:0.0,0.0,0.0,0.0
1,82,ap2,17.316,38.0802,0.0,-35.7385,ap1:0.3651-ap3:13.2214-ap4:11.2655,0.0,4.0879,0.0
2,82,ap3,72.3391,37.7916,0.0,0.0,ap2:0.0-cs1:0.0-cs2:0.0-cs3:0.0,0.0,0.0,0.0
3,82,ap4,68.788,36.7368,0.0,0.0,ap2:0.0-cs1:0.0-cs2:0.0-cs3:0.0,0.0,0.0,0.0
4,82,cs1,17.316,43.2645,0.0,-38.6866,ap1:30.7069-ap3:0.3612-ap4:1.6528,0.0,6.7724,0.0
5,82,cs2,17.316,42.0911,0.0,-39.5897,ap1:17.3544-ap3:6.8893-ap4:7.0133,0.0,6.482,0.0
6,82,cs3,17.316,40.2053,0.0,-29.3101,ap1:0.3725-ap3:14.0757-ap4:12.1198,0.0,3.6786,0.0
0,83,ap1,91.2356,40.7492,0.0,45.3552,,6.8736,0.0,0.0
1,83,ap2,17.316,37.2877,0.0,-34.2073,ap1:5.2392-ap3:12.333-ap4:11.6618,0.0,9.2624,0.0
2,83,ap3,71.984,37.5477,0.0,32.1095,,4.7758,0.0,0.0
3,83,ap4,69.7524,37.4251,0.0,29.7895,,4.457,0.0,0.0
4,83,cs1,17.316,43.6405,0.0,-28.2952,ap1:19.6509-ap3:8.3027-ap4:7.6315,0.0,9.2607,0.0
5,83,cs2,17.316,40.082,0.0,-29.5876,ap1:11.7374-ap3:10.2675-ap4:9.5963,0.0,8.8353,0.0
6,83,cs3,17.316,44.1443,0.0,-31.8397,ap1:20.7324-ap3:8.309-ap4:7.8948,0.0,10.108,0.0
0,84,ap1,83.3325,36.3925,0.0,-0.0,ap2:0.0-cs1:0.0-cs2:0.0-cs3:0.0,2.4037,0.0,0.0
1,84,ap2,17.316,39.4164,0.0,-8.9053,ap1:8.7195-ap3:7.438-ap4:6.3651-cs1:0.0-cs2:0.0-cs3:0.0,0.0,0.4223,0.0
2,84,ap3,71.9143,37.4999,0.0,-0.0,ap1:0.0-ap2:0.0-ap4:0.0-cs1:0.0-cs2:0.0-cs3:0.0,1.3238,0.0,0.0
3,84,ap4,68.5622,36.5756,0.0,-0.0,ap1:0.0-ap2:0.0-ap3:0.0-cs1:0.0-cs2:0.0-cs3:0.0,1.1986,0.0,0.0
4,84,cs1,17.316,42.8019,0.0,-8.9051,ap1:13.217-ap2:0.0-ap3:6.5949-ap4:6.0958-cs2:0.0-cs3:0.0,0.0,0.422,0.0
5,84,cs2,17.316,43.1193,0.0,-8.905,ap1:13.5552-ap2:0.0-ap3:6.5844-ap4:6.0853-cs1:0.0-cs3:0.0,0.0,0.4218,0.0
6,84,cs3,17.316,43.3637,0.0,-8.9054,ap1:13.852-ap2:0.0-ap3:6.5582-ap4:6.0592-cs1:0.0-cs2:0.0,0.0,0.4218,0.0
0,85,ap1,85.3896,37.5265,0.0,0.0001,,0.0,0.0,0.0
1,85,ap2,17.316,38.6885,0.0,-29.721,ap1:0.22-ap3:14.8564-ap4:6.296,0.0,0.0,0.0
2,85,ap3,73.3552,38.4895,0.0,0.0001,ap1:0.0-ap2:0.0-ap4:0.0-cs1:0.0-cs2:0.0-cs3:0.0,0.0,0.0,0.0
3,85,ap4,70.8247,38.1904,0.0,0.0001,ap1:0.0-ap2:0.0-ap3:0.0-cs1:0.0-cs2:0.0-cs3:0.0,0.0,0.0,0.0
4,85,cs1,17.316,42.6142,0.0,-32.9458,ap1:13.8488-ap3:4.6462-ap4:6.8032,0.0,0.0,0.0
5,85,cs2,17.316,42.4027,0.0,-33.2482,ap1:8.1235-ap3:7.4031-ap4:9.5601,0.0,0.0,0.0
6,85,cs3,17.316,43.2002,0.0,-33.4813,ap1:25.6708-ap3:0.1064-ap4:0.107,0.0,0.0,0.0
0,86,ap1,83.0157,36.2179,0.0,45.0249,,1.287,0.0,0.0
1,86,ap2,17.316,37.5275,0.0,-49.826,ap1:0.0275-ap3:13.4298-ap4:11.4281,0.0,4.6741,0.0
2,86,ap3,71.9946,37.555,0.0,25.4104,,0.3757,0.0,0.0
3,86,ap4,71.4788,38.6572,0.0,21.4163,,0.2148,0.0,0.0
4,86,cs1,17.316,44.2809,0.0,-56.7437,ap1:17.4496-ap3:6.622-ap4:6.6962,0.0,3.8029,0.0
5,86,cs2,17.316,42.7129,0.0,-56.8472,ap1:12.1484-ap3:8.4771-ap4:8.5514,0.0,3.7801,0.0
6,86,cs3,17.316,44.5883,0.0,-57.8306,ap1:18.4594-ap3:6.2865-ap4:6.3607,0.0,3.8344,0.0
0,87,ap1,87.1901,38.5191,0.0,45.3443,ap2:0.0-ap3:0.0-ap4:0.0-cs1:0.0-cs2:0.0-cs3:0.0,2.8531,0.0,0.0
1,87,ap2,17.316,39.2036,0.0,-41.6862,ap1:4.5946-ap3:10.6968-ap4:6.5961,0.0,0.0,0.0
2,87,ap3,71.1754,36.9923,0.0,45.2827,,2.0721,0.0,0.0
3,87,ap4,69.9592,37.5727,0.0,45.2788,,2.0107,0.0,0.0
4,87,cs1,17.316,41.9143,0.0,-60.1361,ap1:12.8914-ap3:10.5824-ap4:1.1243,0.0,0.0,0.0
5,87,cs2,17.316,42.3749,0.0,-58.8806,ap1:22.6541-ap3:1.5037-ap4:0.9009,0.0,0.0,0.0
6,87,cs3,17.316,43.7707,0.0,-61.3308,ap1:11.3845-ap3:1.5248-ap4:13.5453,0.0,0.0,0.0
0,88,ap1,97.5102,44.2082,0.0,0.0001,,1.4097,0.0,0.0
1,88,ap2,17.316,43.7697,0.0,-62.3069,ap1:0.0078-ap3:15.0098-ap4:11.4361,0.0,0.0,0.0
2,88,ap3,82.7605,44.9494,0.0,-0.0001,,0.7783,0.0,0.0
3,88,ap4,80.0376,44.7658,0.0,-0.0001,,0.6833,0.0,0.0
4,88,cs1,17.316,53.065,0.0,-83.3103,ap1:35.7334-ap3:0.0078-ap4:0.0078,0.0,0.0,0.0
5,88,cs2,17.316,51.6016,0.0,-82.4887,ap1:18.963-ap3:7.4264-ap4:7.896,0.0,0.0,0.0
6,88,cs3,17.316,50.0847,0.0,-86.2539,ap1:0.0078-ap3:16.1456-ap4:16.6152,0.0,0.0,0.0
0,89,ap1,87.6836,38.7911,0.0,20.3055,ap2:0.0-ap3:0.0-ap4:0.0-cs1:0.0-cs2:0.0-cs3:0.0,0.0,0.0,0.0
1,89,ap2,17.316,37.5256,0.0,-88.9912,ap1:1.3924-ap3:3.8637-ap4:14.9532,0.0,0.0,0.0
2,89,ap3,70.8557,36.7728,0.0,19.6667,,0.0,0.0,0.0
3,89,ap4,70.5033,37.961,0.0,19.3609,,0.0,0.0,0.0
4,89,cs1,17.316,42.6169,0.0,-119.3708,ap1:9.3989-ap3:11.1248-ap4:4.7769,0.0,0.0,0.0
5,89,cs2,17.316,44.955,0.0,-117.0728,ap1:26.5107-ap3:0.5435-ap4:0.5844,0.0,0.0,0.0
6,89,cs3,17.316,42.7161,0.0,-119.308,ap1:11.5908-ap3:10.0785-ap4:3.7305,0.0,0.0,0.0
