step,household_id,production,consumption,stored_kwh,battery_pct,wallet,grid_buy,grid_sell,p2p_trades,p2p_buy_amount,p2p_sell_amount,central_battery_tax,grid_import_capacity,grid_export_capacity
0,ik5,17.316,50.8114,0.01,0.0,91.5864,33.4954,0.0,,0.0,0.0,0.0,5148.5613,3820.7851
0,ik2,17.316,48.2244,0.03,0.01,92.9822,27.9384,0.0,,0.0,0.0,0.0,5148.5613,3820.7851
0,ik3,113.6994,51.3957,59.0733,16.88,100.0,0.0,0.0,,0.0,0.0,0.0,5148.5613,3820.7851
0,ir1,17.316,45.929,0.03,0.01,93.5588,25.643,0.0,,0.0,0.0,0.0,5148.5613,3820.7851
0,ir2,17.316,48.7297,0.03,0.01,92.8553,28.4437,0.0,,0.0,0.0,0.0,5148.5613,3820.7851
1,ik5,17.316,42.1811,0.01,0.0,84.9178,24.8651,0.0,,0.0,0.0,0.0,5147.9164,4005.5776
1,ik2,17.316,42.552,0.0003,0.0,86.2222,25.2063,0.0,,0.0,0.0,0.0,5147.9164,4005.5776
1,ik3,97.9178,42.9803,108.5171,31.0,100.0,0.0,0.0,,0.0,0.0,0.0,5147.9164,4005.5776
1,ir1,17.316,58.1365,0.0003,0.0,82.6191,40.7908,0.0,,0.0,0.0,0.0,5147.9164,4005.5776
1,ir2,17.316,58.0769,0.0003,0.0,81.9316,40.7312,0.0,,0.0,0.0,0.0,5147.9164,4005.5776
2,ik5,17.316,42.9804,0.01,0.0,80.6,25.6644,0.0,,0.0,0.0,0.0,2540.5558,1886.908
2,ik2,17.316,43.0906,0.0,0.0,81.8859,25.7743,0.0,,0.0,0.0,0.0,2540.5558,1886.908
2,ik3,98.1793,43.1197,158.0708,45.16,100.0,0.0,0.0,,0.0,0.0,0.0,2540.5558,1886.908
2,ir1,17.316,60.1094,0.0,0.0,75.4196,42.7931,0.0,,0.0,0.0,0.0,2540.5558,1886.908
2,ir2,17.316,57.0213,0.0,0.0,75.2516,39.705,0.0,,0.0,0.0,0.0,2540.5558,1886.908
3,ik5,17.316,42.9716,0.01,0.0,73.5506,25.6556,0.0,,0.0,0.0,0.0,2433.2902,2092.5557
3,ik2,17.316,42.2815,0.0,0.0,75.0261,24.9655,0.0,,0.0,0.0,0.0,2433.2902,2092.5557
3,ik3,97.8628,42.951,207.4914,59.28,100.0,0.0,0.0,,0.0,0.0,0.0,2433.2902,2092.5557
3,ir1,17.316,61.7714,0.0,0.0,63.2046,44.4554,0.0,,0.0,0.0,0.0,2433.2902,2092.5557
3,ir2,17.316,61.0401,0.0,0.0,63.2375,43.7241,0.0,,0.0,0.0,0.0,2433.2902,2092.5557
4,ik5,17.316,44.3628,0.01,0.0,67.8249,27.0468,0.0,,0.0,0.0,0.0,2550.1359,1865.351
4,ik2,17.316,45.0103,0.0,0.0,69.1633,27.6943,0.0,,0.0,0.0,0.0,2550.1359,1865.351
4,ik3,96.115,42.0189,256.1779,73.19,100.0,0.0,0.0,,0.0,0.0,0.0,2550.1359,1865.351
4,ir1,17.316,58.099,0.0,0.0,54.5709,40.783,0.0,,0.0,0.0,0.0,2550.1359,1865.351
4,ir2,17.316,59.1375,0.0,0.0,54.384,41.8215,0.0,,0.0,0.0,0.0,2550.1359,1865.351
5,ik5,17.316,42.5552,0.01,0.0,62.4038,25.2392,0.0,,0.0,0.0,0.0,2469.4701,2005.5258
5,ik2,17.316,41.0245,0.0,0.0,64.071,23.7085,0.0,,0.0,0.0,0.0,2469.4701,2005.5258
5,ik3,99.2032,43.6657,306.1617,87.47,100.0,0.0,0.0,,0.0,0.0,0.0,2469.4701,2005.5258
5,ir1,17.316,57.4885,0.0,0.0,45.9423,40.1725,0.0,,0.0,0.0,0.0,2469.4701,2005.5258
5,ir2,17.316,58.4379,0.0,0.0,45.5516,41.1219,0.0,,0.0,0.0,0.0,2469.4701,2005.5258
6,ik5,17.316,43.8,0.01,0.0,55.7934,26.484,0.0,,0.0,0.0,0.0,5066.1459,4174.7302
6,ik2,17.316,44.0931,0.0,0.0,57.3874,26.7771,0.0,,0.0,0.0,0.0,5066.1459,4174.7302
6,ik3,94.6537,41.2397,350.0,100.0,100.2042,0.0,4.7047,,0.0,0.0,0.0,5066.1459,4174.7302
6,ir1,17.316,59.168,0.0,0.0,35.496,41.852,0.0,,0.0,0.0,0.0,5066.1459,4174.7302
6,ir2,17.316,56.0335,0.0,0.0,35.8876,38.7175,0.0,,0.0,0.0,0.0,5066.1459,4174.7302
7,ik5,17.316,43.3071,0.01,0.0,46.9308,25.9911,0.0,,0.0,0.0,0.0,4703.3443,3869.848
7,ik2,17.316,44.29,0.0,0.0,48.1897,26.974,0.0,,0.0,0.0,0.0,4703.3443,3869.848
7,ik3,98.908,43.5083,350.0,100.0,105.578,0.0,55.3997,,0.0,0.0,0.0,4703.3443,3869.848
7,ir1,17.316,58.11,0.0,0.0,21.5859,40.794,0.0,,0.0,0.0,0.0,4703.3443,3869.848
7,ir2,17.316,57.7495,0.0,0.0,22.1004,40.4335,0.0,,0.0,0.0,0.0,4703.3443,3869.848
8,ik5,17.316,43.8561,0.01,0.0,42.6133,26.5401,0.0,,0.0,0.0,0.0,4975.7457,4120.2518
8,ik2,17.316,42.097,0.0,0.0,44.1583,24.781,0.0,,0.0,0.0,0.0,4975.7457,4120.2518
8,ik3,98.1037,43.0794,350.0,100.0,107.9028,0.0,55.0243,,0.0,0.0,0.0,4975.7457,4120.2518
8,ir1,17.316,57.4357,0.0,0.0,15.0592,40.1197,0.0,,0.0,0.0,0.0,4975.7457,4120.2518
8,ir2,17.316,56.1197,0.0,0.0,15.7879,38.8037,0.0,,0.0,0.0,0.0,4975.7457,4120.2518
9,ik5,17.316,44.548,0.01,0.0,33.3973,27.232,0.0,,0.0,0.0,0.0,2522.1579,1816.5825
9,ik2,17.316,42.2311,0.0,0.0,35.7264,24.9151,0.0,,0.0,0.0,0.0,2522.1579,1816.5825
9,ik3,97.9154,42.979,350.0,100.0,111.2029,0.0,54.9364,,0.0,0.0,0.0,2522.1579,1816.5825
9,ir1,17.316,58.3349,0.0,0.0,1.1774,41.0189,0.0,,0.0,0.0,0.0,2522.1579,1816.5825
9,ir2,17.316,55.9463,0.0,0.0,2.7144,38.6303,0.0,,0.0,0.0,0.0,2522.1579,1816.5825
10,ik5,17.316,43.5478,0.01,0.0,27.0944,26.2318,0.0,,0.0,0.0,0.0,2510.0076,2062.2411
10,ik2,17.316,43.7404,0.0,0.0,29.3773,26.4244,0.0,,0.0,0.0,0.0,2510.0076,2062.2411
10,ik3,97.8982,42.9698,350.0,100.0,113.9401,0.0,54.9284,,0.0,0.0,0.0,2510.0076,2062.2411
10,ir1,17.316,55.4571,0.0,0.0,-7.987,38.1411,0.0,,0.0,0.0,0.0,2510.0076,2062.2411
10,ir2,17.316,58.4767,0.0,0.0,-7.1755,41.1607,0.0,,0.0,0.0,0.0,2510.0076,2062.2411
11,ik5,17.316,42.0241,0.01,0.0,20.8345,24.7081,0.0,,0.0,0.0,0.0,2251.4264,2038.6312
11,ik2,17.316,43.6251,0.0,0.0,22.7118,26.3091,0.0,,0.0,0.0,0.0,2251.4264,2038.6312
11,ik3,98.8161,43.4593,350.0,100.0,116.8814,0.0,55.3568,,0.0,0.0,0.0,2251.4264,2038.6312
11,ir1,17.316,57.8854,0.0,0.0,-18.2654,40.5694,0.0,,0.0,0.0,0.0,2251.4264,2038.6312
11,ir2,17.316,57.7849,0.0,0.0,-17.4285,40.4689,0.0,,0.0,0.0,0.0,2251.4264,2038.6312
12,ik5,17.316,41.4407,0.01,0.0,16.8544,24.1247,0.0,,0.0,0.0,0.0,2342.9184,1945.1811
12,ik2,17.316,39.642,0.0,0.0,19.0284,22.326,0.0,,0.0,0.0,0.0,2342.9184,1945.1811
12,ik3,98.7404,43.4189,350.0,100.0,120.4364,0.0,55.3215,,0.0,0.0,0.0,2342.9184,1945.1811
12,ir1,17.316,60.4982,0.0,0.0,-25.3897,43.1822,0.0,,0.0,0.0,0.0,2342.9184,1945.1811
12,ir2,17.316,59.1304,0.0,0.0,-24.3271,41.8144,0.0,,0.0,0.0,0.0,2342.9184,1945.1811
13,ik5,17.316,44.6082,0.01,0.0,8.7716,27.2922,0.0,,0.0,0.0,0.0,5225.6071,3994.8806
13,ik2,17.316,44.6543,0.0,0.0,10.932,27.3383,0.0,,0.0,0.0,0.0,5225.6071,3994.8806
13,ik3,97.8039,42.9195,350.0,100.0,124.5759,0.0,54.8843,,0.0,0.0,0.0,5225.6071,3994.8806
13,ir1,17.316,55.9553,0.0,0.0,-36.833,38.6393,0.0,,0.0,0.0,0.0,5225.6071,3994.8806
13,ir2,17.316,57.3848,0.0,0.0,-36.1937,40.0688,0.0,,0.0,0.0,0.0,5225.6071,3994.8806
14,ik5,17.316,42.2898,0.01,0.0,4.3265,24.9738,0.0,,0.0,0.0,0.0,4663.7273,3805.4102
14,ik2,17.316,44.1875,0.0,0.0,6.149,26.8715,0.0,,0.0,0.0,0.0,4663.7273,3805.4102
14,ik3,95.2435,41.5542,350.0,100.0,128.3814,0.0,53.6893,,0.0,0.0,0.0,4663.7273,3805.4102
14,ir1,17.316,56.8376,0.0,0.0,-43.8676,39.5216,0.0,,0.0,0.0,0.0,4663.7273,3805.4102
14,ir2,17.316,55.2715,0.0,0.0,-42.9495,37.9555,0.0,,0.0,0.0,0.0,4663.7273,3805.4102
15,ik5,17.316,45.013,0.01,0.0,-2.3713,27.697,0.0,,0.0,0.0,0.0,4801.1659,4161.4836
15,ik2,17.316,43.6675,0.0,0.0,-0.2234,26.3515,0.0,,0.0,0.0,0.0,4801.1659,4161.4836
15,ik3,95.0555,41.454,350.0,100.0,130.9094,0.0,53.6015,,0.0,0.0,0.0,4801.1659,4161.4836
15,ir1,17.316,55.5437,0.0,0.0,-53.1119,38.2277,0.0,,0.0,0.0,0.0,4801.1659,4161.4836
15,ir2,17.316,59.9229,0.0,0.0,-53.2529,42.6069,0.0,,0.0,0.0,0.0,4801.1659,4161.4836
16,ik5,17.316,42.1237,0.01,0.0,-6.7212,24.8077,0.0,,0.0,0.0,0.0,2523.6495,1922.3667
16,ik2,17.316,43.5019,0.0,0.0,-4.8149,26.1859,0.0,,0.0,0.0,0.0,2523.6495,1922.3667
16,ik3,98.2669,43.1664,350.0,100.0,132.9398,0.0,55.1005,,0.0,0.0,0.0,2523.6495,1922.3667
16,ir1,17.316,57.5384,0.0,0.0,-60.1646,40.2224,0.0,,0.0,0.0,0.0,2523.6495,1922.3667
16,ir2,17.316,54.8337,0.0,0.0,-59.8314,37.5177,0.0,,0.0,0.0,0.0,2523.6495,1922.3667
17,ik5,17.316,43.8273,0.01,0.0,-14.9984,26.5113,0.0,,0.0,0.0,0.0,2589.5733,2057.0439
17,ik2,17.316,42.8311,0.0,0.0,-12.7812,25.5151,0.0,,0.0,0.0,0.0,2589.5733,2057.0439
17,ik3,96.6432,42.3006,350.0,100.0,135.7268,0.0,54.3426,,0.0,0.0,0.0,2589.5733,2057.0439
17,ir1,17.316,55.7478,0.0,0.0,-72.1637,38.4318,0.0,,0.0,0.0,0.0,2589.5733,2057.0439
17,ir2,17.316,58.5891,0.0,0.0,-72.7175,41.2731,0.0,,0.0,0.0,0.0,2589.5733,2057.0439
18,ik5,17.316,43.0332,0.01,0.0,-19.3888,25.7172,0.0,,0.0,0.0,0.0,2177.4129,1912.7885
18,ik2,17.316,43.564,0.0,0.0,-17.2622,26.248,0.0,,0.0,0.0,0.0,2177.4129,1912.7885
18,ik3,100.4332,44.3216,350.0,100.0,141.1377,0.0,56.1116,,0.0,0.0,0.0,2177.4129,1912.7885
18,ir1,17.316,58.3645,0.0,0.0,-79.1714,41.0485,0.0,,0.0,0.0,0.0,2177.4129,1912.7885
18,ir2,17.316,58.3311,0.0,0.0,-79.7196,41.0151,0.0,,0.0,0.0,0.0,2177.4129,1912.7885
19,ik5,17.316,43.5293,0.01,0.0,-26.654,26.2133,0.0,,0.0,0.0,0.0,2489.948,1972.8539
19,ik2,17.316,42.0531,0.0,0.0,-24.1182,24.7371,0.0,,0.0,0.0,0.0,2489.948,1972.8539
19,ik3,103.1111,45.7496,350.0,100.0,143.1376,0.0,57.3616,,0.0,0.0,0.0,2489.948,1972.8539
19,ir1,17.316,59.5491,0.0,0.0,-90.8765,42.2331,0.0,,0.0,0.0,0.0,2489.948,1972.8539
19,ir2,17.316,58.0159,0.0,0.0,-90.9997,40.6999,0.0,,0.0,0.0,0.0,2489.948,1972.8539
20,ik5,17.316,43.1959,0.01,0.0,-34.7164,25.8799,0.0,,0.0,0.0,0.0,4894.7815,3942.8129
20,ik2,17.316,42.7134,0.0,0.0,-32.0303,25.3974,0.0,,0.0,0.0,0.0,4894.7815,3942.8129
20,ik3,94.2328,41.0152,350.0,100.0,147.2921,0.0,53.2175,,0.0,0.0,0.0,4894.7815,3942.8129
20,ir1,17.316,57.6269,0.0,0.0,-103.4347,40.3109,0.0,,0.0,0.0,0.0,4894.7815,3942.8129
20,ir2,17.316,58.7956,0.0,0.0,-103.922,41.4796,0.0,,0.0,0.0,0.0,4894.7815,3942.8129
21,ik5,17.316,41.5942,0.01,0.0,-42.5644,24.2782,0.0,,0.0,0.0,0.0,5050.6732,3855.7355
21,ik2,17.316,42.8017,0.0,0.0,-40.2686,25.4857,0.0,,0.0,0.0,0.0,5050.6732,3855.7355
21,ik3,96.8963,42.4355,350.0,100.0,150.4387,0.0,54.4607,,0.0,0.0,0.0,5050.6732,3855.7355
21,ir1,17.316,57.5732,0.0,0.0,-116.4479,40.2572,0.0,,0.0,0.0,0.0,5050.6732,3855.7355
21,ir2,17.316,57.6486,0.0,0.0,-116.9595,40.3326,0.0,,0.0,0.0,0.0,5050.6732,3855.7355
22,ik5,17.316,42.5189,0.01,0.0,-46.6264,25.2029,0.0,,0.0,0.0,0.0,4829.1086,3624.2798
22,ik2,17.316,43.2488,0.0,0.0,-44.4482,25.9328,0.0,,0.0,0.0,0.0,4829.1086,3624.2798
22,ik3,97.9625,43.0041,350.0,100.0,155.3716,0.0,54.9584,,0.0,0.0,0.0,4829.1086,3624.2798
22,ir1,17.316,60.9215,0.0,0.0,-123.4759,43.6055,0.0,,0.0,0.0,0.0,4829.1086,3624.2798
22,ir2,17.316,60.4225,0.0,0.0,-123.9071,43.1065,0.0,,0.0,0.0,0.0,4829.1086,3624.2798
23,ik5,17.316,41.865,0.01,0.0,-53.9977,24.549,0.0,,0.0,0.0,0.0,2748.3039,2081.1629
23,ik2,17.316,42.2528,0.0,0.0,-51.936,24.9368,0.0,,0.0,0.0,0.0,2748.3039,2081.1629
23,ik3,98.8823,43.4946,350.0,100.0,157.6926,0.0,55.3877,,0.0,0.0,0.0,2748.3039,2081.1629
23,ir1,17.316,57.2076,0.0,0.0,-135.4542,39.8916,0.0,,0.0,0.0,0.0,2748.3039,2081.1629
23,ir2,17.316,56.7498,0.0,0.0,-135.748,39.4338,0.0,,0.0,0.0,0.0,2748.3039,2081.1629
24,ik5,17.316,43.3799,0.01,0.0,-60.8417,26.0639,0.0,,0.0,0.0,0.0,2278.597,2049.8032
24,ik2,17.316,40.6366,0.0,0.0,-58.0596,23.3206,0.0,,0.0,0.0,0.0,2278.597,2049.8032
24,ik3,97.217,42.6066,350.0,100.0,159.5087,0.0,54.6104,,0.0,0.0,0.0,2278.597,2049.8032
24,ir1,17.316,58.8777,0.0,0.0,-146.3676,41.5617,0.0,,0.0,0.0,0.0,2278.597,2049.8032
24,ir2,17.316,58.5695,0.0,0.0,-146.5804,41.2535,0.0,,0.0,0.0,0.0,2278.597,2049.8032
25,ik5,17.316,43.2476,0.01,0.0,-65.7246,25.9316,0.0,,0.0,0.0,0.0,2378.4977,1996.2286
25,ik2,17.316,44.4725,0.0,0.0,-63.1732,27.1565,0.0,,0.0,0.0,0.0,2378.4977,1996.2286
25,ik3,98.2451,43.1548,350.0,100.0,163.0194,0.0,55.0903,,0.0,0.0,0.0,2378.4977,1996.2286
25,ir1,17.316,60.23,0.0,0.0,-154.4483,42.914,0.0,,0.0,0.0,0.0,2378.4977,1996.2286
25,ir2,17.316,55.826,0.0,0.0,-153.8319,38.51,0.0,,0.0,0.0,0.0,2378.4977,1996.2286
26,ik5,17.316,42.9105,0.01,0.0,-72.5253,25.5945,0.0,,0.0,0.0,0.0,2420.0254,2178.8819
26,ik2,17.316,42.3646,0.0,0.0,-69.8289,25.0486,0.0,,0.0,0.0,0.0,2420.0254,2178.8819
26,ik3,100.588,44.4041,350.0,100.0,165.1224,0.0,56.1839,,0.0,0.0,0.0,2420.0254,2178.8819
26,ir1,17.316,59.1191,0.0,0.0,-165.5558,41.8031,0.0,,0.0,0.0,0.0,2420.0254,2178.8819
26,ir2,17.316,58.6979,0.0,0.0,-164.8274,41.3819,0.0,,0.0,0.0,0.0,2420.0254,2178.8819
27,ik5,17.316,42.0231,0.01,0.0,-78.2164,24.7071,0.0,,0.0,0.0,0.0,4992.8583,4037.4279
27,ik2,17.316,42.7794,0.0,0.0,-75.6941,25.4634,0.0,,0.0,0.0,0.0,4992.8583,4037.4279
27,ik3,96.6762,42.3182,350.0,100.0,168.7209,0.0,54.358,,0.0,0.0,0.0,4992.8583,4037.4279
27,ir1,17.316,59.8412,0.0,0.0,-175.3511,42.5252,0.0,,0.0,0.0,0.0,4992.8583,4037.4279
27,ir2,17.316,55.8114,0.0,0.0,-173.6945,38.4954,0.0,,0.0,0.0,0.0,4992.8583,4037.4279
28,ik5,17.316,43.5895,0.01,0.0,-83.1139,26.2735,0.0,,0.0,0.0,0.0,5002.9012,4327.9135
28,ik2,17.316,42.3431,0.0,0.0,-80.3593,25.0271,0.0,,0.0,0.0,0.0,5002.9012,4327.9135
28,ik3,98.5572,43.3212,350.0,100.0,172.0171,0.0,55.236,,0.0,0.0,0.0,5002.9012,4327.9135
28,ir1,17.316,59.2047,0.0,0.0,-183.1594,41.8887,0.0,,0.0,0.0,0.0,5002.9012,4327.9135
28,ir2,17.316,57.6611,0.0,0.0,-181.2151,40.3451,0.0,,0.0,0.0,0.0,5002.9012,4327.9135
29,ik5,17.316,42.6215,0.01,0.0,-89.8266,25.3055,0.0,,0.0,0.0,0.0,5178.4645,3636.3913
29,ik2,17.316,44.7587,0.0,0.0,-87.639,27.4427,0.0,,0.0,0.0,0.0,5178.4645,3636.3913
29,ik3,102.7964,45.5817,350.0,100.0,175.3641,0.0,57.2147,,0.0,0.0,0.0,5178.4645,3636.3913
29,ir1,17.316,58.6413,0.0,0.0,-194.1216,41.3253,0.0,,0.0,0.0,0.0,5178.4645,3636.3913
29,ir2,17.316,58.5934,0.0,0.0,-192.1646,41.2774,0.0,,0.0,0.0,0.0,5178.4645,3636.3913
30,ik5,17.316,44.9922,0.01,0.0,-94.8181,27.6762,0.0,,0.0,0.0,0.0,2584.8755,1693.7511
30,ik2,17.316,42.7753,0.0,0.0,-92.2306,25.4593,0.0,,0.0,0.0,0.0,2584.8755,1693.7511
30,ik3,102.3329,45.3346,350.0,100.0,177.2864,0.0,56.9983,,0.0,0.0,0.0,2584.8755,1693.7511
30,ir1,17.316,57.2039,0.0,0.0,-201.3155,39.8879,0.0,,0.0,0.0,0.0,2584.8755,1693.7511
30,ir2,17.316,58.7522,0.0,0.0,-199.6377,41.4362,0.0,,0.0,0.0,0.0,2584.8755,1693.7511
31,ik5,17.316,44.1391,0.01,0.0,-102.6246,26.8231,0.0,,0.0,0.0,0.0,2436.7203,1889.7946
31,ik2,17.316,42.1866,0.0,0.0,-99.4689,24.8706,0.0,,0.0,0.0,0.0,2436.7203,1889.7946
31,ik3,97.96,43.0028,350.0,100.0,182.5383,0.0,54.9572,,0.0,0.0,0.0,2436.7203,1889.7946
31,ir1,17.316,59.9918,0.0,0.0,-213.7357,42.6758,0.0,,0.0,0.0,0.0,2436.7203,1889.7946
31,ir2,17.316,57.9069,0.0,0.0,-211.4511,40.5909,0.0,,0.0,0.0,0.0,2436.7203,1889.7946
32,ik5,17.316,43.2944,0.01,0.0,-111.6222,25.9784,0.0,,0.0,0.0,0.0,2422.4321,1988.4811
32,ik2,17.316,43.8739,0.0,0.0,-108.6673,26.5579,0.0,,0.0,0.0,0.0,2422.4321,1988.4811
32,ik3,96.9868,42.4838,350.0,100.0,185.1908,0.0,54.503,,0.0,0.0,0.0,2422.4321,1988.4811
32,ir1,17.316,57.9798,0.0,0.0,-227.8197,40.6638,0.0,,0.0,0.0,0.0,2422.4321,1988.4811
32,ir2,17.316,60.0726,0.0,0.0,-226.26,42.7566,0.0,,0.0,0.0,0.0,2422.4321,1988.4811
33,ik5,17.316,42.44,0.01,0.0,-119.6801,25.124,0.0,,0.0,0.0,0.0,2705.7312,1785.7394
33,ik2,17.316,41.5966,0.0,0.0,-116.4546,24.2806,0.0,,0.0,0.0,0.0,2705.7312,1785.7394
33,ik3,96.9405,42.4591,350.0,100.0,187.8592,0.0,54.4814,,0.0,0.0,0.0,2705.7312,1785.7394
33,ir1,17.316,57.607,0.0,0.0,-240.7419,40.291,0.0,,0.0,0.0,0.0,2705.7312,1785.7394
33,ir2,17.316,59.3421,0.0,0.0,-239.7387,42.0261,0.0,,0.0,0.0,0.0,2705.7312,1785.7394
34,ik5,17.316,43.3164,0.01,0.0,-128.1952,26.0004,0.0,,0.0,0.0,0.0,4468.7308,3901.1395
34,ik2,17.316,44.5271,0.0,0.0,-125.3662,27.2111,0.0,,0.0,0.0,0.0,4468.7308,3901.1395
34,ik3,96.788,42.3778,350.0,100.0,192.1947,0.0,54.4102,,0.0,0.0,0.0,4468.7308,3901.1395
34,ir1,17.316,56.8541,0.0,0.0,-253.6907,39.5381,0.0,,0.0,0.0,0.0,4468.7308,3901.1395
34,ir2,17.316,60.3099,0.0,0.0,-253.8192,42.9939,0.0,,0.0,0.0,0.0,4468.7308,3901.1395
35,ik5,17.316,41.151,0.01,0.0,-133.0535,23.835,0.0,,0.0,0.0,0.0,5111.6781,3882.2731
35,ik2,17.316,42.8101,0.0,0.0,-130.5627,25.4941,0.0,,0.0,0.0,0.0,5111.6781,3882.2731
35,ik3,98.2487,43.1567,350.0,100.0,197.2034,0.0,55.092,,0.0,0.0,0.0,5111.6781,3882.2731
35,ir1,17.316,57.7277,0.0,0.0,-261.9278,40.4117,0.0,,0.0,0.0,0.0,5111.6781,3882.2731
35,ir2,17.316,57.6648,0.0,0.0,-262.0435,40.3488,0.0,,0.0,0.0,0.0,5111.6781,3882.2731
36,ik5,17.316,42.4276,0.01,0.0,-136.6259,25.1116,0.0,,0.0,0.0,0.0,5357.2992,3973.2228
36,ik2,17.316,42.2237,0.0,0.0,-134.106,24.9077,0.0,,0.0,0.0,0.0,5357.2992,3973.2228
36,ik3,96.8508,42.4113,350.0,100.0,200.872,0.0,54.4395,,0.0,0.0,0.0,5357.2992,3973.2228
36,ir1,17.316,58.055,0.0,0.0,-267.7233,40.739,0.0,,0.0,0.0,0.0,5357.2992,3973.2228
36,ir2,17.316,59.6772,0.0,0.0,-268.0698,42.3612,0.0,,0.0,0.0,0.0,5357.2992,3973.2228
37,ik5,17.316,42.0737,0.01,0.0,-142.9663,24.7577,0.0,,0.0,0.0,0.0,2419.6636,2078.688
37,ik2,17.316,43.4712,0.0,0.0,-140.8043,26.1552,0.0,,0.0,0.0,0.0,2419.6636,2078.688
37,ik3,96.1017,42.0119,350.0,100.0,204.2875,0.0,54.0899,,0.0,0.0,0.0,2419.6636,2078.688
37,ir1,17.316,58.4348,0.0,0.0,-278.2537,41.1188,0.0,,0.0,0.0,0.0,2419.6636,2078.688
37,ir2,17.316,59.0515,0.0,0.0,-278.7581,41.7355,0.0,,0.0,0.0,0.0,2419.6636,2078.688
38,ik5,17.316,42.7037,0.01,0.0,-148.2139,25.3877,0.0,,0.0,0.0,0.0,2482.6743,1970.2878
38,ik2,17.316,43.548,0.0,0.0,-146.2265,26.232,0.0,,0.0,0.0,0.0,2482.6743,1970.2878
38,ik3,98.9022,43.5052,350.0,100.0,207.6149,0.0,55.397,,0.0,0.0,0.0,2482.6743,1970.2878
38,ir1,17.316,58.5238,0.0,0.0,-286.7714,41.2078,0.0,,0.0,0.0,0.0,2482.6743,1970.2878
38,ir2,17.316,59.8011,0.0,0.0,-287.5398,42.4851,0.0,,0.0,0.0,0.0,2482.6743,1970.2878
39,ik5,17.316,42.4358,0.01,0.0,-156.1097,25.1198,0.0,,0.0,0.0,0.0,2540.4831,1939.6253
39,ik2,17.316,43.0743,0.0,0.0,-154.323,25.7583,0.0,,0.0,0.0,0.0,2540.4831,1939.6253
39,ik3,92.8347,40.2698,350.0,100.0,212.5858,0.0,52.565,,0.0,0.0,0.0,2540.4831,1939.6253
39,ir1,17.316,59.1408,0.0,0.0,-299.918,41.8248,0.0,,0.0,0.0,0.0,2540.4831,1939.6253
39,ir2,17.316,55.3903,0.0,0.0,-299.5076,38.0743,0.0,,0.0,0.0,0.0,2540.4831,1939.6253
40,ik5,17.316,41.8913,0.01,0.0,-159.5585,24.5753,0.0,,0.0,0.0,0.0,2288.8889,1896.2311
40,ik2,17.316,41.7102,0.0,0.0,-157.7464,24.3942,0.0,,0.0,0.0,0.0,2288.8889,1896.2311
40,ik3,100.77,44.5012,350.0,100.0,215.1561,0.0,56.2688,,0.0,0.0,0.0,2288.8889,1896.2311
40,ir1,17.316,59.5726,0.0,0.0,-305.8481,42.2566,0.0,,0.0,0.0,0.0,2288.8889,1896.2311
40,ir2,17.316,60.065,0.0,0.0,-305.5068,42.749,0.0,,0.0,0.0,0.0,2288.8889,1896.2311
41,ik5,17.316,43.0296,0.01,0.0,-164.9803,25.7136,0.0,,0.0,0.0,0.0,5097.9959,4184.3533
41,ik2,17.316,42.9007,0.0,0.0,-163.141,25.5847,0.0,,0.0,0.0,0.0,5097.9959,4184.3533
41,ik3,97.2125,42.6042,350.0,100.0,217.5492,0.0,54.6083,,0.0,0.0,0.0,5097.9959,4184.3533
41,ir1,17.316,57.7469,0.0,0.0,-314.3731,40.4309,0.0,,0.0,0.0,0.0,5097.9959,4184.3533
41,ir2,17.316,57.06,0.0,0.0,-313.8869,39.744,0.0,,0.0,0.0,0.0,5097.9959,4184.3533
42,ik5,17.316,43.0485,0.01,0.0,-169.6447,25.7325,0.0,,0.0,0.0,0.0,4654.0331,4155.6047
42,ik2,17.316,43.3557,0.0,0.0,-167.861,26.0397,0.0,,0.0,0.0,0.0,4654.0331,4155.6047
42,ik3,96.8197,42.3947,350.0,100.0,222.9617,0.0,54.425,,0.0,0.0,0.0,4654.0331,4155.6047
42,ir1,17.316,59.8475,0.0,0.0,-322.0826,42.5315,0.0,,0.0,0.0,0.0,4654.0331,4155.6047
42,ir2,17.316,59.1236,0.0,0.0,-321.4651,41.8076,0.0,,0.0,0.0,0.0,4654.0331,4155.6047
43,ik5,17.316,43.6455,0.01,0.0,-176.7358,26.3295,0.0,,0.0,0.0,0.0,4970.4216,3439.2163
43,ik2,17.316,42.8609,0.0,0.0,-174.7409,25.5449,0.0,,0.0,0.0,0.0,4970.4216,3439.2163
43,ik3,95.2806,41.574,350.0,100.0,225.5095,0.0,53.7066,,0.0,0.0,0.0,4970.4216,3439.2163
43,ir1,17.316,58.1183,0.0,0.0,-333.0716,40.8023,0.0,,0.0,0.0,0.0,4970.4216,3439.2163
43,ir2,17.316,59.6959,0.0,0.0,-332.8791,42.3799,0.0,,0.0,0.0,0.0,4970.4216,3439.2163
44,ik5,17.316,41.4983,0.01,0.0,-182.0898,24.1823,0.0,,0.0,0.0,0.0,2287.4269,1948.2443
44,ik2,17.316,41.9034,0.0,0.0,-180.1846,24.5874,0.0,,0.0,0.0,0.0,2287.4269,1948.2443
44,ik3,98.3127,43.1908,350.0,100.0,228.5092,0.0,55.1219,,0.0,0.0,0.0,2287.4269,1948.2443
44,ir1,17.316,57.9357,0.0,0.0,-342.0649,40.6197,0.0,,0.0,0.0,0.0,2287.4269,1948.2443
44,ir2,17.316,58.4971,0.0,0.0,-341.9966,41.1811,0.0,,0.0,0.0,0.0,2287.4269,1948.2443
45,ik5,17.316,43.0189,0.01,0.0,-189.4414,25.7029,0.0,,0.0,0.0,0.0,2601.6326,2142.0017
45,ik2,17.316,41.8637,0.0,0.0,-187.2058,24.5477,0.0,,0.0,0.0,0.0,2601.6326,2142.0017
45,ik3,100.976,44.611,350.0,100.0,232.625,0.0,56.365,,0.0,0.0,0.0,2601.6326,2142.0017
45,ir1,17.316,60.3874,0.0,0.0,-354.3842,43.0714,0.0,,0.0,0.0,0.0,2601.6326,2142.0017
45,ir2,17.316,56.848,0.0,0.0,-353.3036,39.532,0.0,,0.0,0.0,0.0,2601.6326,2142.0017
46,ik5,17.316,42.4021,0.01,0.0,-197.1222,25.0861,0.0,,0.0,0.0,0.0,2502.1324,1920.4298
46,ik2,17.316,42.1562,0.0,0.0,-194.8113,24.8402,0.0,,0.0,0.0,0.0,2502.1324,1920.4298
46,ik3,98.712,43.4038,350.0,100.0,234.458,0.0,55.3083,,0.0,0.0,0.0,2502.1324,1920.4298
46,ir1,17.316,55.9834,0.0,0.0,-366.2232,38.6674,0.0,,0.0,0.0,0.0,2502.1324,1920.4298
46,ir2,17.316,58.0775,0.0,0.0,-365.7838,40.7615,0.0,,0.0,0.0,0.0,2502.1324,1920.4298
47,ik5,17.316,43.1774,0.01,0.0,-201.7311,25.8614,0.0,,0.0,0.0,0.0,2458.5842,1842.1129
47,ik2,17.316,40.0783,0.0,0.0,-198.8678,22.7623,0.0,,0.0,0.0,0.0,2458.5842,1842.1129
47,ik3,98.1303,43.0936,350.0,100.0,236.5658,0.0,55.0367,,0.0,0.0,0.0,2458.5842,1842.1129
47,ir1,17.316,58.9395,0.0,0.0,-373.6411,41.6235,0.0,,0.0,0.0,0.0,2458.5842,1842.1129
47,ir2,17.316,59.9462,0.0,0.0,-373.3811,42.6302,0.0,,0.0,0.0,0.0,2458.5842,1842.1129
48,ik5,17.316,44.1189,0.01,0.0,-208.5692,26.8029,0.0,,0.0,0.0,0.0,5084.0135,3995.5792
48,ik2,17.316,42.0152,0.0,0.0,-205.1692,24.6992,0.0,,0.0,0.0,0.0,5084.0135,3995.5792
48,ik3,94.799,41.3172,350.0,100.0,240.0999,0.0,53.4818,,0.0,0.0,0.0,5084.0135,3995.5792
48,ir1,17.316,57.8927,0.0,0.0,-383.9933,40.5767,0.0,,0.0,0.0,0.0,5084.0135,3995.5792
48,ir2,17.316,57.8993,0.0,0.0,-383.735,40.5833,0.0,,0.0,0.0,0.0,5084.0135,3995.5792
49,ik5,17.316,42.9995,0.01,0.0,-213.4659,25.6835,0.0,,0.0,0.0,0.0,4909.0439,4185.8611
49,ik2,17.316,42.9287,0.0,0.0,-210.0524,25.6127,0.0,,0.0,0.0,0.0,4909.0439,4185.8611
49,ik3,98.2966,43.1823,350.0,100.0,242.7725,0.0,55.1143,,0.0,0.0,0.0,4909.0439,4185.8611
49,ir1,17.316,56.5653,0.0,0.0,-391.4764,39.2493,0.0,,0.0,0.0,0.0,4909.0439,4185.8611
49,ir2,17.316,57.1677,0.0,0.0,-391.3329,39.8517,0.0,,0.0,0.0,0.0,4909.0439,4185.8611
50,ik5,17.316,44.3245,0.01,0.0,-221.0176,27.0085,0.0,,0.0,0.0,0.0,5168.8929,3842.2494
50,ik2,17.316,43.462,0.0,0.0,-217.363,26.146,0.0,,0.0,0.0,0.0,5168.8929,3842.2494
50,ik3,97.8719,42.9558,350.0,100.0,247.2856,0.0,54.9161,,0.0,0.0,0.0,5168.8929,3842.2494
50,ir1,17.316,55.8343,0.0,0.0,-402.2463,38.5183,0.0,,0.0,0.0,0.0,5168.8929,3842.2494
50,ir2,17.316,60.8799,0.0,0.0,-403.5136,43.5639,0.0,,0.0,0.0,0.0,5168.8929,3842.2494
51,ik5,17.316,42.5076,0.01,0.0,-226.5263,25.1916,0.0,,0.0,0.0,0.0,2619.8823,2008.157
51,ik2,17.316,42.5596,0.0,0.0,-222.8831,25.2436,0.0,,0.0,0.0,0.0,2619.8823,2008.157
51,ik3,99.4606,43.8029,350.0,100.0,252.4628,0.0,55.6576,,0.0,0.0,0.0,2619.8823,2008.157
51,ir1,17.316,58.9508,0.0,0.0,-411.3507,41.6348,0.0,,0.0,0.0,0.0,2619.8823,2008.157
51,ir2,17.316,58.9001,0.0,0.0,-412.6069,41.5841,0.0,,0.0,0.0,0.0,2619.8823,2008.157
52,ik5,17.316,42.3425,0.01,0.0,-234.9481,25.0265,0.0,,0.0,0.0,0.0,2564.7009,1924.0799
52,ik2,17.316,42.3158,0.0,0.0,-231.2958,24.9998,0.0,,0.0,0.0,0.0,2564.7009,1924.0799
52,ik3,98.1459,43.1019,350.0,100.0,255.6803,0.0,55.044,,0.0,0.0,0.0,2564.7009,1924.0799
52,ir1,17.316,55.0662,0.0,0.0,-424.0542,37.7502,0.0,,0.0,0.0,0.0,2564.7009,1924.0799
52,ir2,17.316,56.5083,0.0,0.0,-425.7957,39.1923,0.0,,0.0,0.0,0.0,2564.7009,1924.0799
53,ik5,17.316,42.1585,0.01,0.0,-242.8841,24.8425,0.0,,0.0,0.0,0.0,2675.3722,1976.6569
53,ik2,17.316,44.0403,0.0,0.0,-239.8329,26.7243,0.0,,0.0,0.0,0.0,2675.3722,1976.6569
53,ik3,98.5888,43.3381,350.0,100.0,257.7664,0.0,55.2507,,0.0,0.0,0.0,2675.3722,1976.6569
53,ir1,17.316,56.6857,0.0,0.0,-436.6309,39.3697,0.0,,0.0,0.0,0.0,2675.3722,1976.6569
53,ir2,17.316,57.5843,0.0,0.0,-438.6594,40.2683,0.0,,0.0,0.0,0.0,2675.3722,1976.6569
54,ik5,17.316,43.4435,0.01,0.0,-248.1464,26.1275,0.0,,0.0,0.0,0.0,2343.5072,1877.0977
54,ik2,17.316,40.0151,0.0,0.0,-244.4048,22.6991,0.0,,0.0,0.0,0.0,2343.5072,1877.0977
54,ik3,98.6816,43.3875,350.0,100.0,261.3256,0.0,55.294,,0.0,0.0,0.0,2343.5072,1877.0977
54,ir1,17.316,56.6398,0.0,0.0,-444.5511,39.3238,0.0,,0.0,0.0,0.0,2343.5072,1877.0977
54,ir2,17.316,59.5007,0.0,0.0,-447.1559,42.1847,0.0,,0.0,0.0,0.0,2343.5072,1877.0977
55,ik5,17.316,52.8862,0.01,0.0,-258.0718,35.5702,0.0,,0.0,0.0,0.0,4974.6891,4200.6012
55,ik2,17.316,49.2764,0.0,0.0,-253.3229,31.9604,0.0,,0.0,0.0,0.0,4974.6891,4200.6012
55,ik3,115.9344,52.5875,350.0,100.0,263.5131,0.0,63.3469,,0.0,0.0,0.0,4974.6891,4200.6012
55,ir1,17.316,46.6577,0.0,0.0,-452.7385,29.3417,0.0,,0.0,0.0,0.0,4974.6891,4200.6012
55,ir2,17.316,47.6492,0.0,0.0,-455.62,30.3332,0.0,,0.0,0.0,0.0,4974.6891,4200.6012
56,ik5,17.316,43.1646,0.01,0.0,-261.734,25.8486,0.0,,0.0,0.0,0.0,4926.0292,3957.2942
56,ik2,17.316,43.4496,0.0,0.0,-257.0254,26.1336,0.0,,0.0,0.0,0.0,4926.0292,3957.2942
56,ik3,101.0215,44.6353,350.0,100.0,267.4729,0.0,56.3862,,0.0,0.0,0.0,4926.0292,3957.2942
56,ir1,17.316,56.8546,0.0,0.0,-458.3402,39.5386,0.0,,0.0,0.0,0.0,4926.0292,3957.2942
56,ir2,17.316,57.4407,0.0,0.0,-461.3047,40.1247,0.0,,0.0,0.0,0.0,4926.0292,3957.2942
57,ik5,17.316,43.1368,0.01,0.0,-268.5405,25.8208,0.0,,0.0,0.0,0.0,4588.6349,3729.8193
57,ik2,17.316,45.8597,0.0,0.0,-264.5498,28.5437,0.0,,0.0,0.0,0.0,4588.6349,3729.8193
57,ik3,99.392,43.7664,350.0,100.0,270.318,0.0,55.6256,,0.0,0.0,0.0,4588.6349,3729.8193
57,ir1,17.316,57.1828,0.0,0.0,-468.8494,39.8668,0.0,,0.0,0.0,0.0,4588.6349,3729.8193
57,ir2,17.316,58.1069,0.0,0.0,-472.0575,40.7909,0.0,,0.0,0.0,0.0,4588.6349,3729.8193
58,ik5,17.316,42.7893,0.01,0.0,-276.9748,25.4733,0.0,,0.0,0.0,0.0,2455.6248,2097.8792
58,ik2,17.316,43.2482,0.0,0.0,-273.136,25.9322,0.0,,0.0,0.0,0.0,2455.6248,2097.8792
58,ik3,96.7656,42.3659,350.0,100.0,275.0366,0.0,54.3998,,0.0,0.0,0.0,2455.6248,2097.8792
58,ir1,17.316,57.2764,0.0,0.0,-482.0804,39.9604,0.0,,0.0,0.0,0.0,2455.6248,2097.8792
58,ir2,17.316,58.9463,0.0,0.0,-485.8414,41.6303,0.0,,0.0,0.0,0.0,2455.6248,2097.8792
59,ik5,17.316,41.6213,0.01,0.0,-284.2307,24.3053,0.0,,0.0,0.0,0.0,2594.8002,2099.7427
59,ik2,17.316,41.2996,0.0,0.0,-280.2959,23.9836,0.0,,0.0,0.0,0.0,2594.8002,2099.7427
59,ik3,95.9342,41.9225,350.0,100.0,277.9511,0.0,54.0117,,0.0,0.0,0.0,2594.8002,2099.7427
59,ir1,17.316,59.1944,0.0,0.0,-494.5825,41.8784,0.0,,0.0,0.0,0.0,2594.8002,2099.7427
59,ir2,17.316,59.8062,0.0,0.0,-498.5261,42.4902,0.0,,0.0,0.0,0.0,2594.8002,2099.7427
60,ik5,17.316,43.8049,0.01,0.0,-289.7559,26.4889,0.0,,0.0,0.0,0.0,2355.9327,2125.8823
60,ik2,17.316,42.0958,0.0,0.0,-285.4646,24.7798,0.0,,0.0,0.0,0.0,2355.9327,2125.8823
60,ik3,99.2508,43.6911,350.0,100.0,281.112,0.0,55.5597,,0.0,0.0,0.0,2355.9327,2125.8823
60,ir1,17.316,57.75,0.0,0.0,-503.0165,40.434,0.0,,0.0,0.0,0.0,2355.9327,2125.8823
60,ir2,17.316,59.3123,0.0,0.0,-507.286,41.9963,0.0,,0.0,0.0,0.0,2355.9327,2125.8823
61,ik5,17.316,44.401,0.01,0.0,-294.4368,27.085,0.0,,0.0,0.0,0.0,2640.2113,1986.1981
61,ik2,17.316,43.0219,0.0,0.0,-289.9071,25.7059,0.0,,0.0,0.0,0.0,2640.2113,1986.1981
61,ik3,96.8429,42.4071,350.0,100.0,283.1798,0.0,54.4358,,0.0,0.0,0.0,2640.2113,1986.1981
61,ir1,17.316,57.9763,0.0,0.0,-510.0434,40.6603,0.0,,0.0,0.0,0.0,2640.2113,1986.1981
61,ir2,17.316,57.2659,0.0,0.0,-514.1901,39.9499,0.0,,0.0,0.0,0.0,2640.2113,1986.1981
62,ik5,17.316,43.0145,0.01,0.0,-300.6277,25.6985,0.0,,0.0,0.0,0.0,4630.2437,3837.9458
62,ik2,17.316,41.9829,0.0,0.0,-295.8496,24.6669,0.0,,0.0,0.0,0.0,4630.2437,3837.9458
62,ik3,94.5746,41.1975,350.0,100.0,287.6309,0.0,53.3771,,0.0,0.0,0.0,4630.2437,3837.9458
62,ir1,17.316,59.9588,0.0,0.0,-520.3164,42.6428,0.0,,0.0,0.0,0.0,4630.2437,3837.9458
62,ir2,17.316,56.9469,0.0,0.0,-523.7375,39.6309,0.0,,0.0,0.0,0.0,4630.2437,3837.9458
63,ik5,17.316,43.6109,0.01,0.0,-303.8824,26.2949,0.0,,0.0,0.0,0.0,4913.407,4457.6184
63,ik2,17.316,42.579,0.0,0.0,-298.9765,25.263,0.0,,0.0,0.0,0.0,4913.407,4457.6184
63,ik3,97.7949,42.9147,350.0,100.0,289.722,0.0,54.8802,,0.0,0.0,0.0,4913.407,4457.6184
63,ir1,17.316,57.5039,0.0,0.0,-525.2907,40.1879,0.0,,0.0,0.0,0.0,4913.407,4457.6184
63,ir2,17.316,55.4488,0.0,0.0,-528.4575,38.1328,0.0,,0.0,0.0,0.0,4913.407,4457.6184
64,ik5,17.316,43.5744,0.01,0.0,-309.9854,26.2584,0.0,,0.0,0.0,0.0,5051.8367,3526.26
64,ik2,17.316,43.7241,0.0,0.0,-305.1143,26.4081,0.0,,0.0,0.0,0.0,5051.8367,3526.26
64,ik3,97.3876,42.6975,350.0,100.0,292.4528,0.0,54.6901,,0.0,0.0,0.0,5051.8367,3526.26
64,ir1,17.316,57.6982,0.0,0.0,-534.6763,40.3822,0.0,,0.0,0.0,0.0,5051.8367,3526.26
64,ir2,17.316,53.4112,0.0,0.0,-536.8467,36.0952,0.0,,0.0,0.0,0.0,5051.8367,3526.26
65,ik5,17.316,41.9236,0.01,0.0,-314.9733,24.6076,0.0,,0.0,0.0,0.0,2362.3268,1974.6887
65,ik2,17.316,42.7374,0.0,0.0,-310.2671,25.4214,0.0,,0.0,0.0,0.0,2362.3268,1974.6887
65,ik3,102.0505,45.184,350.0,100.0,294.4595,0.0,56.8665,,0.0,0.0,0.0,2362.3268,1974.6887
65,ir1,17.316,59.3552,0.0,0.0,-543.1974,42.0392,0.0,,0.0,0.0,0.0,2362.3268,1974.6887
65,ir2,17.316,58.8169,0.0,0.0,-545.2587,41.5009,0.0,,0.0,0.0,0.0,2362.3268,1974.6887
66,ik5,17.316,43.3199,0.01,0.0,-322.241,26.0039,0.0,,0.0,0.0,0.0,2383.1509,1746.201
66,ik2,17.316,43.7529,0.0,0.0,-317.6559,26.4369,0.0,,0.0,0.0,0.0,2383.1509,1746.201
66,ik3,97.9288,42.9861,350.0,100.0,299.6696,0.0,54.9427,,0.0,0.0,0.0,2383.1509,1746.201
66,ir1,17.316,59.069,0.0,0.0,-554.8669,41.7529,0.0,,0.0,0.0,0.0,2383.1509,1746.201
66,ir2,17.316,55.9313,0.0,0.0,-556.0513,38.6153,0.0,,0.0,0.0,0.0,2383.1509,1746.201
67,ik5,17.316,41.7322,0.01,0.0,-327.6391,24.4162,0.0,,0.0,0.0,0.0,2602.2441,2132.6164
67,ik2,17.316,41.9217,0.0,0.0,-323.0958,24.6057,0.0,,0.0,0.0,0.0,2602.2441,2132.6164
67,ik3,100.279,44.2394,350.0,100.0,304.3038,0.0,56.0396,,0.0,0.0,0.0,2602.2441,2132.6164
67,ir1,17.316,56.9354,0.0,0.0,-563.6261,39.6194,0.0,,0.0,0.0,0.0,2602.2441,2132.6164
67,ir2,17.316,60.4862,0.0,0.0,-565.5955,43.1702,0.0,,0.0,0.0,0.0,2602.2441,2132.6164
68,ik5,17.316,42.9866,0.01,0.0,-334.1806,25.6706,0.0,,0.0,0.0,0.0,2511.8903,2117.8423
68,ik2,17.316,42.163,0.0,0.0,-329.4274,24.847,0.0,,0.0,0.0,0.0,2511.8903,2117.8423
68,ik3,97.9912,43.0194,350.0,100.0,309.4875,0.0,54.9718,,0.0,0.0,0.0,2511.8903,2117.8423
68,ir1,17.316,57.5268,0.0,0.0,-573.8728,40.2108,0.0,,0.0,0.0,0.0,2511.8903,2117.8423
68,ir2,17.316,58.5877,0.0,0.0,-576.1126,41.2717,0.0,,0.0,0.0,0.0,2511.8903,2117.8423
69,ik5,17.316,42.688,0.01,0.0,-339.163,25.372,0.0,,0.0,0.0,0.0,4838.5657,3990.0333
69,ik2,17.316,43.3812,0.0,0.0,-334.5459,26.0652,0.0,,0.0,0.0,0.0,4838.5657,3990.0333
69,ik3,97.954,42.9996,350.0,100.0,314.1941,0.0,54.9544,,0.0,0.0,0.0,4838.5657,3990.0333
69,ir1,17.316,57.8939,0.0,0.0,-581.8413,40.5779,0.0,,0.0,0.0,0.0,4838.5657,3990.0333
69,ir2,17.316,58.4115,0.0,0.0,-584.1826,41.0955,0.0,,0.0,0.0,0.0,4838.5657,3990.0333
70,ik5,17.316,42.2161,0.01,0.0,-342.292,24.9001,0.0,,0.0,0.0,0.0,5122.8867,3822.348
70,ik2,17.316,43.6167,0.0,0.0,-337.8509,26.3007,0.0,,0.0,0.0,0.0,5122.8867,3822.348
70,ik3,94.1887,40.9917,350.0,100.0,318.2359,0.0,53.1969,,0.0,0.0,0.0,5122.8867,3822.348
70,ir1,17.316,56.1226,0.0,0.0,-586.7178,38.8066,0.0,,0.0,0.0,0.0,5122.8867,3822.348
70,ir2,17.316,56.1904,0.0,0.0,-589.0677,38.8744,0.0,,0.0,0.0,0.0,5122.8867,3822.348
71,ik5,17.316,42.0548,0.01,0.0,-345.8916,24.7388,0.0,,0.0,0.0,0.0,5247.3154,4076.2865
71,ik2,17.316,42.8966,0.0,0.0,-341.5731,25.5806,0.0,,0.0,0.0,0.0,5247.3154,4076.2865
71,ik3,100.9518,44.5981,350.0,100.0,322.5929,0.0,56.3537,,0.0,0.0,0.0,5247.3154,4076.2865
71,ir1,17.316,59.0623,0.0,0.0,-592.7921,41.7463,0.0,,0.0,0.0,0.0,5247.3154,4076.2865
71,ir2,17.316,59.1708,0.0,0.0,-595.1578,41.8548,0.0,,0.0,0.0,0.0,5247.3154,4076.2865
72,ik5,17.316,46.0421,0.01,0.0,-354.4511,28.7261,0.0,,0.0,0.0,0.0,2472.4571,1969.9506
72,ik2,17.316,41.5718,0.0,0.0,-348.8006,24.2558,0.0,,0.0,0.0,0.0,2472.4571,1969.9506
72,ik3,97.0316,42.5077,350.0,100.0,325.8379,0.0,54.5239,,0.0,0.0,0.0,2472.4571,1969.9506
72,ir1,17.316,57.1379,0.0,0.0,-604.6578,39.8219,0.0,,0.0,0.0,0.0,2472.4571,1969.9506
72,ir2,17.316,58.1439,0.0,0.0,-607.3233,40.8279,0.0,,0.0,0.0,0.0,2472.4571,1969.9506
73,ik5,17.316,43.4863,0.01,0.0,-361.5622,26.1703,0.0,,0.0,0.0,0.0,2736.6384,1983.6521
73,ik2,17.316,43.9459,0.0,0.0,-356.0366,26.6299,0.0,,0.0,0.0,0.0,2736.6384,1983.6521
73,ik3,96.8843,42.4291,350.0,100.0,328.8089,0.0,54.4551,,0.0,0.0,0.0,2736.6384,1983.6521
73,ir1,17.316,55.786,0.0,0.0,-615.1111,38.47,0.0,,0.0,0.0,0.0,2736.6384,1983.6521
73,ir2,17.316,58.0011,0.0,0.0,-618.3784,40.6851,0.0,,0.0,0.0,0.0,2736.6384,1983.6521
74,ik5,17.316,51.0337,0.01,0.0,-369.5301,33.7177,0.0,,0.0,0.0,0.0,2377.4667,2034.6883
74,ik2,17.316,51.7762,0.0,0.0,-364.1799,34.4602,0.0,,0.0,0.0,0.0,2377.4667,2034.6883
74,ik3,113.6581,51.3737,350.0,100.0,332.2836,0.0,62.2845,,0.0,0.0,0.0,2377.4667,2034.6883
74,ir1,17.316,47.9623,0.0,0.0,-622.3531,30.6463,0.0,,0.0,0.0,0.0,2377.4667,2034.6883
74,ir2,17.316,43.9518,0.0,0.0,-624.6728,26.6358,0.0,,0.0,0.0,0.0,2377.4667,2034.6883
75,ik5,17.316,41.4564,0.01,0.0,-372.8611,24.1404,0.0,,0.0,0.0,0.0,2660.7647,1851.9785
75,ik2,17.316,41.8615,0.0,0.0,-367.5668,24.5455,0.0,,0.0,0.0,0.0,2660.7647,1851.9785
75,ik3,94.1517,40.972,350.0,100.0,334.2554,0.0,53.1797,,0.0,0.0,0.0,2660.7647,1851.9785
75,ir1,17.316,59.2735,0.0,0.0,-628.1426,41.9575,0.0,,0.0,0.0,0.0,2660.7647,1851.9785
75,ir2,17.316,56.97,0.0,0.0,-630.1443,39.654,0.0,,0.0,0.0,0.0,2660.7647,1851.9785
76,ik5,17.316,42.0587,0.01,0.0,-381.048,24.7427,0.0,,0.0,0.0,0.0,4850.2409,4111.1232
76,ik2,17.316,42.4956,0.0,0.0,-375.8983,25.1796,0.0,,0.0,0.0,0.0,4850.2409,4111.1232
76,ik3,96.0178,41.9671,350.0,100.0,338.5496,0.0,54.0507,,0.0,0.0,0.0,4850.2409,4111.1232
76,ir1,17.316,56.8438,0.0,0.0,-641.2216,39.5278,0.0,,0.0,0.0,0.0,4850.2409,4111.1232
76,ir2,17.316,59.0448,0.0,0.0,-643.9517,41.7288,0.0,,0.0,0.0,0.0,4850.2409,4111.1232
77,ik5,17.316,44.727,0.01,0.0,-390.3227,27.411,0.0,,0.0,0.0,0.0,4717.714,4011.701
77,ik2,17.316,44.5245,0.0,0.0,-385.1045,27.2085,0.0,,0.0,0.0,0.0,4717.714,4011.701
77,ik3,99.7619,43.9636,350.0,100.0,343.0365,0.0,55.7983,,0.0,0.0,0.0,4717.714,4011.701
77,ir1,17.316,57.0222,0.0,0.0,-654.6565,39.7062,0.0,,0.0,0.0,0.0,4717.714,4011.701
77,ir2,17.316,56.7887,0.0,0.0,-657.3076,39.4727,0.0,,0.0,0.0,0.0,4717.714,4011.701
78,ik5,17.316,42.8711,0.01,0.0,-396.7532,25.5551,0.0,,0.0,0.0,0.0,4935.5695,3893.0787
78,ik2,17.316,44.9091,0.0,0.0,-392.0478,27.5931,0.0,,0.0,0.0,0.0,4935.5695,3893.0787
78,ik3,96.215,42.0722,350.0,100.0,347.8743,0.0,54.1427,,0.0,0.0,0.0,4935.5695,3893.0787
78,ir1,17.316,57.3365,0.0,0.0,-664.727,40.0205,0.0,,0.0,0.0,0.0,4935.5695,3893.0787
78,ir2,17.316,56.0503,0.0,0.0,-667.0544,38.7343,0.0,,0.0,0.0,0.0,4935.5695,3893.0787
79,ik5,17.316,43.7064,0.01,0.0,-400.693,26.3904,0.0,,0.0,0.0,0.0,2650.359,1956.0246
79,ik2,17.316,43.9147,0.0,0.0,-396.0187,26.5987,0.0,,0.0,0.0,0.0,2650.359,1956.0246
79,ik3,97.6863,42.8568,350.0,100.0,353.2233,0.0,54.8295,,0.0,0.0,0.0,2650.359,1956.0246
79,ir1,17.316,56.0908,0.0,0.0,-670.5156,38.7748,0.0,,0.0,0.0,0.0,2650.359,1956.0246
79,ir2,17.316,57.1768,0.0,0.0,-673.0052,39.8608,0.0,,0.0,0.0,0.0,2650.359,1956.0246
80,ik5,17.316,44.4904,0.01,0.0,-408.0568,27.1744,0.0,,0.0,0.0,0.0,2481.6517,1879.2283
80,ik2,17.316,42.2465,0.0,0.0,-402.7744,24.9305,0.0,,0.0,0.0,0.0,2481.6517,1879.2283
80,ik3,96.7878,42.3777,350.0,100.0,357.733,0.0,54.4101,,0.0,0.0,0.0,2481.6517,1879.2283
80,ir1,17.316,56.9816,0.0,0.0,-681.2643,39.6656,0.0,,0.0,0.0,0.0,2481.6517,1879.2283
80,ir2,17.316,59.7702,0.0,0.0,-684.5095,42.4542,0.0,,0.0,0.0,0.0,2481.6517,1879.2283
81,ik5,17.316,43.2364,0.01,0.0,-416.2079,25.9204,0.0,,0.0,0.0,0.0,2363.9264,2078.0819
81,ik2,17.316,42.1908,0.0,0.0,-410.5967,24.8748,0.0,,0.0,0.0,0.0,2363.9264,2078.0819
81,ik3,97.6326,42.8282,350.0,100.0,359.5015,0.0,54.8044,,0.0,0.0,0.0,2363.9264,2078.0819
81,ir1,17.316,59.0878,0.0,0.0,-694.4001,41.7718,0.0,,0.0,0.0,0.0,2363.9264,2078.0819
81,ir2,17.316,57.1866,0.0,0.0,-697.0475,39.8706,0.0,,0.0,0.0,0.0,2363.9264,2078.0819
82,ik5,17.316,41.5073,0.01,0.0,-419.1766,24.1913,0.0,,0.0,0.0,0.0,2488.3157,1985.3134
82,ik2,17.316,42.0108,0.0,0.0,-413.6273,24.6948,0.0,,0.0,0.0,0.0,2488.3157,1985.3134
82,ik3,98.9961,43.5553,350.0,100.0,362.7115,0.0,55.4409,,0.0,0.0,0.0,2488.3157,1985.3134
82,ir1,17.316,57.3013,0.0,0.0,-699.3071,39.9853,0.0,,0.0,0.0,0.0,2488.3157,1985.3134
82,ir2,17.316,57.3435,0.0,0.0,-701.9596,40.0275,0.0,,0.0,0.0,0.0,2488.3157,1985.3134
83,ik5,17.316,42.7553,0.01,0.0,-423.2313,25.4393,0.0,,0.0,0.0,0.0,4823.8467,4290.0025
83,ik2,17.316,44.459,0.0,0.0,-417.9534,27.143,0.0,,0.0,0.0,0.0,4823.8467,4290.0025
83,ik3,99.6897,43.9251,350.0,100.0,367.6849,0.0,55.7646,,0.0,0.0,0.0,4823.8467,4290.0025
83,ir1,17.316,58.4434,0.0,0.0,-705.8622,41.1274,0.0,,0.0,0.0,0.0,4823.8467,4290.0025
83,ir2,17.316,56.4988,0.0,0.0,-708.2048,39.1828,0.0,,0.0,0.0,0.0,4823.8467,4290.0025
84,ik5,17.316,42.4757,0.01,0.0,-428.1965,25.1597,0.0,,0.0,0.0,0.0,4775.7645,4194.1791
84,ik2,17.316,42.6398,0.0,0.0,-422.9511,25.3238,0.0,,0.0,0.0,0.0,4775.7645,4194.1791
84,ik3,96.6314,42.2943,350.0,100.0,372.429,0.0,54.3371,,0.0,0.0,0.0,4775.7645,4194.1791
84,ir1,17.316,59.1744,0.0,0.0,-714.1229,41.8584,0.0,,0.0,0.0,0.0,4775.7645,4194.1791
84,ir2,17.316,59.4258,0.0,0.0,-716.5151,42.1098,0.0,,0.0,0.0,0.0,4775.7645,4194.1791
85,ik5,17.316,40.976,0.01,0.0,-432.4633,23.66,0.0,,0.0,0.0,0.0,5317.1832,3999.6777
85,ik2,17.316,44.2823,0.0,0.0,-427.8141,26.9663,0.0,,0.0,0.0,0.0,5317.1832,3999.6777
85,ik3,102.6761,45.5176,350.0,100.0,376.5843,0.0,57.1585,,0.0,0.0,0.0,5317.1832,3999.6777
85,ir1,17.316,59.122,0.0,0.0,-721.6621,41.806,0.0,,0.0,0.0,0.0,5317.1832,3999.6777
85,ir2,17.316,58.9415,0.0,0.0,-724.0217,41.6255,0.0,,0.0,0.0,0.0,5317.1832,3999.6777
86,ik5,17.316,42.2801,0.01,0.0,-439.6804,24.9641,0.0,,0.0,0.0,0.0,2449.618,1963.828
86,ik2,17.316,41.7675,0.0,0.0,-434.883,24.4515,0.0,,0.0,0.0,0.0,2449.618,1963.828
86,ik3,93.686,40.7237,350.0,100.0,379.1658,0.0,52.9623,,0.0,0.0,0.0,2449.618,1963.828
86,ir1,17.316,58.4206,0.0,0.0,-733.5453,41.1046,0.0,,0.0,0.0,0.0,2449.618,1963.828
86,ir2,17.316,58.2611,0.0,0.0,-735.8588,40.9451,0.0,,0.0,0.0,0.0,2449.618,1963.828
87,ik5,17.316,42.0,0.01,0.0,-444.8454,24.684,0.0,,0.0,0.0,0.0,2328.8195,2068.4464
87,ik2,17.316,41.4157,0.0,0.0,-439.9257,24.0997,0.0,,0.0,0.0,0.0,2328.8195,2068.4464
87,ik3,101.2349,44.7491,350.0,100.0,382.5816,0.0,56.4858,,0.0,0.0,0.0,2328.8195,2068.4464
87,ir1,17.316,57.8375,0.0,0.0,-742.0243,40.5215,0.0,,0.0,0.0,0.0,2328.8195,2068.4464
87,ir2,17.316,57.7684,0.0,0.0,-744.3233,40.4524,0.0,,0.0,0.0,0.0,2328.8195,2068.4464
88,ik5,17.316,52.4662,0.01,0.0,-453.4668,35.1502,0.0,,0.0,0.0,0.0,2365.9036,2101.6981
88,ik2,17.316,48.7517,0.0,0.0,-447.6361,31.4357,0.0,,0.0,0.0,0.0,2365.9036,2101.6981
88,ik3,117.3935,53.3655,350.0,100.0,385.9435,0.0,64.028,,0.0,0.0,0.0,2365.9036,2101.6981
88,ir1,17.316,45.7681,0.0,0.0,-749.0028,28.4521,0.0,,0.0,0.0,0.0,2365.9036,2101.6981
88,ir2,17.316,46.5805,0.0,0.0,-751.5011,29.2645,0.0,,0.0,0.0,0.0,2365.9036,2101.6981
89,ik5,17.316,42.5578,0.01,0.0,-461.9438,25.2418,0.0,,0.0,0.0,0.0,2469.4025,2157.6227
89,ik2,17.316,43.1869,0.0,0.0,-456.3243,25.8709,0.0,,0.0,0.0,0.0,2469.4025,2157.6227
89,ik3,100.7524,44.4918,350.0,100.0,388.0231,0.0,56.2606,,0.0,0.0,0.0,2469.4025,2157.6227
89,ir1,17.316,55.0448,0.0,0.0,-761.6733,37.7288,0.0,,0.0,0.0,0.0,2469.4025,2157.6227
89,ir2,17.316,59.0128,0.0,0.0,-765.5041,41.6968,0.0,,0.0,0.0,0.0,2469.4025,2157.6227
